#pdb_id,pdb_residue,uniprot_id,uniprot_position,protherm_id,ph,temperature,ddg,EASE-MM,MAESTRO,EASE-AA,MUpro,I-Mutant_seq,I-Mutant_str,Rosetta,FoldX,DFIRE,PoPMuSiC,EASE-MM-web,pdbchain,seqpos,squence
1IRO,I33L,P00268,I33L,22382,9.08,107,0.76,-0.649032313,0.53258,-0.498513008,-0.7559086,-0.93,-0.95,-1.258,-0.0559923,0.18,-0.3,-0.5832,A,I33L,MKKYTCTVCGYIYNPEDGDPDNGVNPGTDFKDIPDDWVCPLCGVGKDQFEEVEE
1IRO,V24I,P00268,V24I,22381,9.08,107,0.36,0.147275459,0.45173,0.195434925,-0.42364995,-0.48,-0.7,-0.154,0.631439,0.09,-0.57,0.2231,A,V24I,MKKYTCTVCGYIYNPEDGDPDNGVNPGTDFKDIPDDWVCPLCGVGKDQFEEVEE
1SPB,K57E,P00782,K87E,8821,5,20,1,0.055744392,-0.89812,0.099032445,0.077339891,-0.99,-0.35,-1.036,0.414757,0.31,0.22,-0.0966,P,K87E,EKKYIVGFKQTMSTMSAAKKKDVISEKGGKVQKQFKYVDAASATLNEKAVKELKKDPSVAYVEEDHVAHAY
1SPB,Q40L,P00782,Q70L,8820,5,20,1.1,0.049608276,-0.12622,0.433078604,0.11841476,0.14,-0.3,1.285,1.72938,1.56,-0.12,0.1251,P,Q70L,EKKYIVGFKQTMSTMSAAKKKDVISEKGGKVQKQFKYVDAASATLNEKAVKELKKDPSVAYVEEDHVAHAY
1CSE,V54A,P01051,V54A,20048,7,25,-2.37,-2.750998238,3.21731,-2.778390024,-1.7371425,-2.85,-2.14,-3.885,-3.62566,-2.3,-2.92,-2.4846,I,V54A,TEFGSELKSFPEVVGKTVDQAREYFTLHYPQYDVYFLPEGSPVTLDLRYNRVRVFYNPGTNVVNHVPHVG
1CSE,V14A,P01051,V14A,20047,7,25,-1.67,-2.136320253,0.85235,-1.87341808,-1.3485768,-1.54,-1.26,-1.479,-0.77521,-0.94,-0.33,-2.059,I,V14A,TEFGSELKSFPEVVGKTVDQAREYFTLHYPQYDVYFLPEGSPVTLDLRYNRVRVFYNPGTNVVNHVPHVG
3HHR,E74D,P01241,E100D,311,8,20,-0.55,-0.779480411,1.10383,-0.789286648,-0.89143039,0.04,-0.59,-2.945,-0.863544,-0.53,-0.62,-0.6867,A,E100D,MATGSRTSLLLAFGLLCLPWLQEGSAFPTIPLSRLFDNAMLRAHRLHQLAFDTYQEFEEAYIPKEQKYSFLQNPQTSLCFSESIPTPSNREETQQKSNLELLRISLLLIQSWLEPVQFLRSVFANSLVYGASDSNVYDLLKDLEEGIQTLMGRLEDGSPRTGQIFKQTYSKFDTNSHNDDALLKNYGLLYCFRKDMDKVETFLRIVQCRSVEGSCGF
3HHR,S71Q,P01241,S97Q,310,8,20,-1.28,-0.480324582,0.45501,-1.054613117,-0.57979383,-0.24,-1.04,-0.552,-2.59002,0.33,-1.29,-0.1777,A,S97Q,MATGSRTSLLLAFGLLCLPWLQEGSAFPTIPLSRLFDNAMLRAHRLHQLAFDTYQEFEEAYIPKEQKYSFLQNPQTSLCFSESIPTPSNREETQQKSNLELLRISLLLIQSWLEPVQFLRSVFANSLVYGASDSNVYDLLKDLEEGIQTLMGRLEDGSPRTGQIFKQTYSKFDTNSHNDDALLKNYGLLYCFRKDMDKVETFLRIVQCRSVEGSCGF
3HHR,E74A,P01241,E100A,313,8,20,-0.49,-0.444046368,0.63218,-0.663789297,-1.2978934,-0.04,-0.79,-0.973,-1.77639,-0.11,-0.76,-0.2587,A,E100A,MATGSRTSLLLAFGLLCLPWLQEGSAFPTIPLSRLFDNAMLRAHRLHQLAFDTYQEFEEAYIPKEQKYSFLQNPQTSLCFSESIPTPSNREETQQKSNLELLRISLLLIQSWLEPVQFLRSVFANSLVYGASDSNVYDLLKDLEEGIQTLMGRLEDGSPRTGQIFKQTYSKFDTNSHNDDALLKNYGLLYCFRKDMDKVETFLRIVQCRSVEGSCGF
3HHR,S71T,P01241,S97T,307,8,20,0.33,-0.547405773,0.52085,-0.671788093,-0.82225349,-0.19,-0.73,-0.347,-0.954812,0.4,-0.4,-0.2852,A,S97T,MATGSRTSLLLAFGLLCLPWLQEGSAFPTIPLSRLFDNAMLRAHRLHQLAFDTYQEFEEAYIPKEQKYSFLQNPQTSLCFSESIPTPSNREETQQKSNLELLRISLLLIQSWLEPVQFLRSVFANSLVYGASDSNVYDLLKDLEEGIQTLMGRLEDGSPRTGQIFKQTYSKFDTNSHNDDALLKNYGLLYCFRKDMDKVETFLRIVQCRSVEGSCGF
3HHR,S71A,P01241,S97A,308,8,20,-0.97,-0.904678876,1.18676,-0.955866227,-0.93293353,-0.37,-1.14,-1.847,-2.08252,0.12,-1.13,-0.6056,A,S97A,MATGSRTSLLLAFGLLCLPWLQEGSAFPTIPLSRLFDNAMLRAHRLHQLAFDTYQEFEEAYIPKEQKYSFLQNPQTSLCFSESIPTPSNREETQQKSNLELLRISLLLIQSWLEPVQFLRSVFANSLVYGASDSNVYDLLKDLEEGIQTLMGRLEDGSPRTGQIFKQTYSKFDTNSHNDDALLKNYGLLYCFRKDMDKVETFLRIVQCRSVEGSCGF
3HHR,S71V,P01241,S97V,309,8,20,-1.19,-0.444288759,1.10686,-0.608228912,-0.24366623,0.5,-0.15,-5.605,-3.47032,0.57,-1.05,-0.3434,A,S97V,MATGSRTSLLLAFGLLCLPWLQEGSAFPTIPLSRLFDNAMLRAHRLHQLAFDTYQEFEEAYIPKEQKYSFLQNPQTSLCFSESIPTPSNREETQQKSNLELLRISLLLIQSWLEPVQFLRSVFANSLVYGASDSNVYDLLKDLEEGIQTLMGRLEDGSPRTGQIFKQTYSKFDTNSHNDDALLKNYGLLYCFRKDMDKVETFLRIVQCRSVEGSCGF
3HHR,E74T,P01241,E100T,315,8,20,-0.55,-0.88563595,1.03012,-0.407420139,-1.2821095,0.08,-0.3,-1.139,-1.2885,-0.15,-0.54,-0.7472,A,E100T,MATGSRTSLLLAFGLLCLPWLQEGSAFPTIPLSRLFDNAMLRAHRLHQLAFDTYQEFEEAYIPKEQKYSFLQNPQTSLCFSESIPTPSNREETQQKSNLELLRISLLLIQSWLEPVQFLRSVFANSLVYGASDSNVYDLLKDLEEGIQTLMGRLEDGSPRTGQIFKQTYSKFDTNSHNDDALLKNYGLLYCFRKDMDKVETFLRIVQCRSVEGSCGF
3HHR,E74S,P01241,E100S,314,8,20,-0.91,-1.143933423,1.22862,-0.849265066,-1.1378044,-0.36,-0.63,-1.747,-2.07167,-0.78,-0.68,-0.9988,A,E100S,MATGSRTSLLLAFGLLCLPWLQEGSAFPTIPLSRLFDNAMLRAHRLHQLAFDTYQEFEEAYIPKEQKYSFLQNPQTSLCFSESIPTPSNREETQQKSNLELLRISLLLIQSWLEPVQFLRSVFANSLVYGASDSNVYDLLKDLEEGIQTLMGRLEDGSPRTGQIFKQTYSKFDTNSHNDDALLKNYGLLYCFRKDMDKVETFLRIVQCRSVEGSCGF
3HHR,E74Q,P01241,E100Q,312,8,20,-0.18,-0.227944628,0.80317,-0.3125777,-0.85462428,-0.17,-0.67,0.159,-0.666884,0.05,-0.11,-0.1716,A,E100Q,MATGSRTSLLLAFGLLCLPWLQEGSAFPTIPLSRLFDNAMLRAHRLHQLAFDTYQEFEEAYIPKEQKYSFLQNPQTSLCFSESIPTPSNREETQQKSNLELLRISLLLIQSWLEPVQFLRSVFANSLVYGASDSNVYDLLKDLEEGIQTLMGRLEDGSPRTGQIFKQTYSKFDTNSHNDDALLKNYGLLYCFRKDMDKVETFLRIVQCRSVEGSCGF
3HHR,E74L,P01241,E100L,316,8,20,-0.79,0.156548357,-0.00697,0.89160795,-0.1743341,0.17,0.31,1.713,0.180163,1.94,-0.6,0.2927,A,E100L,MATGSRTSLLLAFGLLCLPWLQEGSAFPTIPLSRLFDNAMLRAHRLHQLAFDTYQEFEEAYIPKEQKYSFLQNPQTSLCFSESIPTPSNREETQQKSNLELLRISLLLIQSWLEPVQFLRSVFANSLVYGASDSNVYDLLKDLEEGIQTLMGRLEDGSPRTGQIFKQTYSKFDTNSHNDDALLKNYGLLYCFRKDMDKVETFLRIVQCRSVEGSCGF
1FC1,K370A,P01857,K253A,3635,7.4,20,-1.1,-0.7521854,0.05532,-0.651373487,-0.37407263,-0.97,-1.08,0.595,-1.40486,-0.26,-1.34,-0.7826,A,K253A,ASTKGPSVFPLAPSSKSTSGGTAALGCLVKDYFPEPVTVSWNSGALTSGVHTFPAVLQSSGLYSLSSVVTVPSSSLGTQTYICNVNHKPSNTKVDKKVEPKSCDKTHTCPPCPAPELLGGPSVFLFPPKPKDTLMISRTPEVTCVVVDVSHEDPEVKFNWYVDGVEVHNAKTKPREEQYNSTYRVVSVLTVLHQDWLNGKEYKCKVSNKALPAPIEKTISKAKGQPREPQVYTLPPSRDELTKNQVSLTCLVKGFYPSDIAVEWESNGQPENNYKTTPPVLDSDGSFFLYSKLTVDKSRWQQGNVFSCSVMHEALHNHYTQKSLSLSPGK
1FC1,L368A,P01857,L251A,3634,7.4,20,-2.2,-2.808040324,1.68542,-2.809637816,-2.5450552,-3.44,-2.5,-2.869,-2.0612,-2.09,-2.72,-2.7903,A,L251A,ASTKGPSVFPLAPSSKSTSGGTAALGCLVKDYFPEPVTVSWNSGALTSGVHTFPAVLQSSGLYSLSSVVTVPSSSLGTQTYICNVNHKPSNTKVDKKVEPKSCDKTHTCPPCPAPELLGGPSVFLFPPKPKDTLMISRTPEVTCVVVDVSHEDPEVKFNWYVDGVEVHNAKTKPREEQYNSTYRVVSVLTVLHQDWLNGKEYKCKVSNKALPAPIEKTISKAKGQPREPQVYTLPPSRDELTKNQVSLTCLVKGFYPSDIAVEWESNGQPENNYKTTPPVLDSDGSFFLYSKLTVDKSRWQQGNVFSCSVMHEALHNHYTQKSLSLSPGK
1FC1,P395A,P01857,P278A,3638,7.4,20,-3.2,-1.379362114,0.36562,-0.276754181,-0.62516617,-2.05,-1.14,0.93,-0.908858,-0.21,-1.01,-1.1116,A,P278A,ASTKGPSVFPLAPSSKSTSGGTAALGCLVKDYFPEPVTVSWNSGALTSGVHTFPAVLQSSGLYSLSSVVTVPSSSLGTQTYICNVNHKPSNTKVDKKVEPKSCDKTHTCPPCPAPELLGGPSVFLFPPKPKDTLMISRTPEVTCVVVDVSHEDPEVKFNWYVDGVEVHNAKTKPREEQYNSTYRVVSVLTVLHQDWLNGKEYKCKVSNKALPAPIEKTISKAKGQPREPQVYTLPPSRDELTKNQVSLTCLVKGFYPSDIAVEWESNGQPENNYKTTPPVLDSDGSFFLYSKLTVDKSRWQQGNVFSCSVMHEALHNHYTQKSLSLSPGK
1FC1,L351A,P01857,L234A,3632,7.4,20,-1.3,-2.616230486,1.52362,-2.833789066,-2.8175111,-2.73,-2.69,-1.414,-1.4723,-1.68,-2.34,-2.773,A,L234A,ASTKGPSVFPLAPSSKSTSGGTAALGCLVKDYFPEPVTVSWNSGALTSGVHTFPAVLQSSGLYSLSSVVTVPSSSLGTQTYICNVNHKPSNTKVDKKVEPKSCDKTHTCPPCPAPELLGGPSVFLFPPKPKDTLMISRTPEVTCVVVDVSHEDPEVKFNWYVDGVEVHNAKTKPREEQYNSTYRVVSVLTVLHQDWLNGKEYKCKVSNKALPAPIEKTISKAKGQPREPQVYTLPPSRDELTKNQVSLTCLVKGFYPSDIAVEWESNGQPENNYKTTPPVLDSDGSFFLYSKLTVDKSRWQQGNVFSCSVMHEALHNHYTQKSLSLSPGK
1FC1,Y407A,P01857,Y290A,3643,7.4,20,-2.1,-2.624925293,1.58328,-2.805212736,-1.3615945,-2.1,-2.51,-2.281,-2.26001,-2.36,-4.25,-2.2381,A,Y290A,ASTKGPSVFPLAPSSKSTSGGTAALGCLVKDYFPEPVTVSWNSGALTSGVHTFPAVLQSSGLYSLSSVVTVPSSSLGTQTYICNVNHKPSNTKVDKKVEPKSCDKTHTCPPCPAPELLGGPSVFLFPPKPKDTLMISRTPEVTCVVVDVSHEDPEVKFNWYVDGVEVHNAKTKPREEQYNSTYRVVSVLTVLHQDWLNGKEYKCKVSNKALPAPIEKTISKAKGQPREPQVYTLPPSRDELTKNQVSLTCLVKGFYPSDIAVEWESNGQPENNYKTTPPVLDSDGSFFLYSKLTVDKSRWQQGNVFSCSVMHEALHNHYTQKSLSLSPGK
1FC1,T394A,P01857,T277A,3637,7.4,20,-0.6,-1.506030148,0.43443,-1.45879627,-1.0664558,-1.28,-1.68,-0.906,-0.825215,-0.24,-0.95,-1.4089,A,T277A,ASTKGPSVFPLAPSSKSTSGGTAALGCLVKDYFPEPVTVSWNSGALTSGVHTFPAVLQSSGLYSLSSVVTVPSSSLGTQTYICNVNHKPSNTKVDKKVEPKSCDKTHTCPPCPAPELLGGPSVFLFPPKPKDTLMISRTPEVTCVVVDVSHEDPEVKFNWYVDGVEVHNAKTKPREEQYNSTYRVVSVLTVLHQDWLNGKEYKCKVSNKALPAPIEKTISKAKGQPREPQVYTLPPSRDELTKNQVSLTCLVKGFYPSDIAVEWESNGQPENNYKTTPPVLDSDGSFFLYSKLTVDKSRWQQGNVFSCSVMHEALHNHYTQKSLSLSPGK
1FC1,F405A,P01857,F288A,3642,7.4,20,-2.5,-2.667640221,1.93296,-3.249194072,-1.6918268,-2.73,-2.85,-1.779,-1.89685,-2.12,-3.83,-2.3312,A,F288A,ASTKGPSVFPLAPSSKSTSGGTAALGCLVKDYFPEPVTVSWNSGALTSGVHTFPAVLQSSGLYSLSSVVTVPSSSLGTQTYICNVNHKPSNTKVDKKVEPKSCDKTHTCPPCPAPELLGGPSVFLFPPKPKDTLMISRTPEVTCVVVDVSHEDPEVKFNWYVDGVEVHNAKTKPREEQYNSTYRVVSVLTVLHQDWLNGKEYKCKVSNKALPAPIEKTISKAKGQPREPQVYTLPPSRDELTKNQVSLTCLVKGFYPSDIAVEWESNGQPENNYKTTPPVLDSDGSFFLYSKLTVDKSRWQQGNVFSCSVMHEALHNHYTQKSLSLSPGK
1FC1,T366A,P01857,T249A,3633,7.4,20,-2.3,-1.382347179,0.43034,-1.617295005,-1.1985567,-1.39,-1.95,-0.861,-0.842831,-0.18,-1.74,-1.5295,A,T249A,ASTKGPSVFPLAPSSKSTSGGTAALGCLVKDYFPEPVTVSWNSGALTSGVHTFPAVLQSSGLYSLSSVVTVPSSSLGTQTYICNVNHKPSNTKVDKKVEPKSCDKTHTCPPCPAPELLGGPSVFLFPPKPKDTLMISRTPEVTCVVVDVSHEDPEVKFNWYVDGVEVHNAKTKPREEQYNSTYRVVSVLTVLHQDWLNGKEYKCKVSNKALPAPIEKTISKAKGQPREPQVYTLPPSRDELTKNQVSLTCLVKGFYPSDIAVEWESNGQPENNYKTTPPVLDSDGSFFLYSKLTVDKSRWQQGNVFSCSVMHEALHNHYTQKSLSLSPGK
1FC1,Y349A,P01857,Y232A,3630,7.4,20,-0.7,-2.527359517,1.34735,-3.019295763,-0.89064755,-1.43,-2.59,-1.929,-0.950508,-1.74,-3.27,-2.5446,A,Y232A,ASTKGPSVFPLAPSSKSTSGGTAALGCLVKDYFPEPVTVSWNSGALTSGVHTFPAVLQSSGLYSLSSVVTVPSSSLGTQTYICNVNHKPSNTKVDKKVEPKSCDKTHTCPPCPAPELLGGPSVFLFPPKPKDTLMISRTPEVTCVVVDVSHEDPEVKFNWYVDGVEVHNAKTKPREEQYNSTYRVVSVLTVLHQDWLNGKEYKCKVSNKALPAPIEKTISKAKGQPREPQVYTLPPSRDELTKNQVSLTCLVKGFYPSDIAVEWESNGQPENNYKTTPPVLDSDGSFFLYSKLTVDKSRWQQGNVFSCSVMHEALHNHYTQKSLSLSPGK
1FC1,T350A,P01857,T233A,3631,7.4,20,-0.1,-0.893190605,0.24594,-1.538036234,-0.86061207,-0.48,-1.78,1.933,-0.240204,-0.26,-1.39,-1.0325,A,T233A,ASTKGPSVFPLAPSSKSTSGGTAALGCLVKDYFPEPVTVSWNSGALTSGVHTFPAVLQSSGLYSLSSVVTVPSSSLGTQTYICNVNHKPSNTKVDKKVEPKSCDKTHTCPPCPAPELLGGPSVFLFPPKPKDTLMISRTPEVTCVVVDVSHEDPEVKFNWYVDGVEVHNAKTKPREEQYNSTYRVVSVLTVLHQDWLNGKEYKCKVSNKALPAPIEKTISKAKGQPREPQVYTLPPSRDELTKNQVSLTCLVKGFYPSDIAVEWESNGQPENNYKTTPPVLDSDGSFFLYSKLTVDKSRWQQGNVFSCSVMHEALHNHYTQKSLSLSPGK
1FC1,L398A,P01857,L281A,3640,7.4,20,-0.1,-1.99955394,0.6829,-1.541313605,-1.8671843,-3.66,-1.6,0.428,-0.614292,-0.83,-0.52,-1.5676,A,L281A,ASTKGPSVFPLAPSSKSTSGGTAALGCLVKDYFPEPVTVSWNSGALTSGVHTFPAVLQSSGLYSLSSVVTVPSSSLGTQTYICNVNHKPSNTKVDKKVEPKSCDKTHTCPPCPAPELLGGPSVFLFPPKPKDTLMISRTPEVTCVVVDVSHEDPEVKFNWYVDGVEVHNAKTKPREEQYNSTYRVVSVLTVLHQDWLNGKEYKCKVSNKALPAPIEKTISKAKGQPREPQVYTLPPSRDELTKNQVSLTCLVKGFYPSDIAVEWESNGQPENNYKTTPPVLDSDGSFFLYSKLTVDKSRWQQGNVFSCSVMHEALHNHYTQKSLSLSPGK
1FC1,V397A,P01857,V280A,3639,7.4,20,-0.6,-1.74409423,0.93168,-1.480043599,-1.3650535,-2.31,-1.8,-0.011,-0.747507,-0.87,-2.15,-1.3083,A,V280A,ASTKGPSVFPLAPSSKSTSGGTAALGCLVKDYFPEPVTVSWNSGALTSGVHTFPAVLQSSGLYSLSSVVTVPSSSLGTQTYICNVNHKPSNTKVDKKVEPKSCDKTHTCPPCPAPELLGGPSVFLFPPKPKDTLMISRTPEVTCVVVDVSHEDPEVKFNWYVDGVEVHNAKTKPREEQYNSTYRVVSVLTVLHQDWLNGKEYKCKVSNKALPAPIEKTISKAKGQPREPQVYTLPPSRDELTKNQVSLTCLVKGFYPSDIAVEWESNGQPENNYKTTPPVLDSDGSFFLYSKLTVDKSRWQQGNVFSCSVMHEALHNHYTQKSLSLSPGK
1FC1,K409A,P01857,K292A,3644,7.4,20,-2.4,-1.052724065,0.38806,-0.859083836,-2.1026762,-0.86,-1.09,0.155,-1.52854,-0.22,-0.58,-0.9172,A,K292A,ASTKGPSVFPLAPSSKSTSGGTAALGCLVKDYFPEPVTVSWNSGALTSGVHTFPAVLQSSGLYSLSSVVTVPSSSLGTQTYICNVNHKPSNTKVDKKVEPKSCDKTHTCPPCPAPELLGGPSVFLFPPKPKDTLMISRTPEVTCVVVDVSHEDPEVKFNWYVDGVEVHNAKTKPREEQYNSTYRVVSVLTVLHQDWLNGKEYKCKVSNKALPAPIEKTISKAKGQPREPQVYTLPPSRDELTKNQVSLTCLVKGFYPSDIAVEWESNGQPENNYKTTPPVLDSDGSFFLYSKLTVDKSRWQQGNVFSCSVMHEALHNHYTQKSLSLSPGK
1FC1,Q347A,P01857,Q230A,3629,7.4,20,-1.1,-0.879037337,0.81414,-1.117657848,-0.10475514,-0.1,-0.56,1.102,-0.214767,-0.21,-1.11,-0.9434,A,Q230A,ASTKGPSVFPLAPSSKSTSGGTAALGCLVKDYFPEPVTVSWNSGALTSGVHTFPAVLQSSGLYSLSSVVTVPSSSLGTQTYICNVNHKPSNTKVDKKVEPKSCDKTHTCPPCPAPELLGGPSVFLFPPKPKDTLMISRTPEVTCVVVDVSHEDPEVKFNWYVDGVEVHNAKTKPREEQYNSTYRVVSVLTVLHQDWLNGKEYKCKVSNKALPAPIEKTISKAKGQPREPQVYTLPPSRDELTKNQVSLTCLVKGFYPSDIAVEWESNGQPENNYKTTPPVLDSDGSFFLYSKLTVDKSRWQQGNVFSCSVMHEALHNHYTQKSLSLSPGK
1FC1,D399A,P01857,D282A,3641,7.4,20,-0.7,-0.737654238,0.81032,-0.890606655,-0.94741144,-1.53,-1.82,1.894,-0.949741,0.12,-1.85,-0.7445,A,D282A,ASTKGPSVFPLAPSSKSTSGGTAALGCLVKDYFPEPVTVSWNSGALTSGVHTFPAVLQSSGLYSLSSVVTVPSSSLGTQTYICNVNHKPSNTKVDKKVEPKSCDKTHTCPPCPAPELLGGPSVFLFPPKPKDTLMISRTPEVTCVVVDVSHEDPEVKFNWYVDGVEVHNAKTKPREEQYNSTYRVVSVLTVLHQDWLNGKEYKCKVSNKALPAPIEKTISKAKGQPREPQVYTLPPSRDELTKNQVSLTCLVKGFYPSDIAVEWESNGQPENNYKTTPPVLDSDGSFFLYSKLTVDKSRWQQGNVFSCSVMHEALHNHYTQKSLSLSPGK
1FC1,K392A,P01857,K275A,3636,7.4,20,-0.4,-0.612370935,-0.17539,-0.326921727,-1.1245482,-1.17,-0.58,-0.493,-0.881377,-0.14,-0.66,-0.5165,A,K275A,ASTKGPSVFPLAPSSKSTSGGTAALGCLVKDYFPEPVTVSWNSGALTSGVHTFPAVLQSSGLYSLSSVVTVPSSSLGTQTYICNVNHKPSNTKVDKKVEPKSCDKTHTCPPCPAPELLGGPSVFLFPPKPKDTLMISRTPEVTCVVVDVSHEDPEVKFNWYVDGVEVHNAKTKPREEQYNSTYRVVSVLTVLHQDWLNGKEYKCKVSNKALPAPIEKTISKAKGQPREPQVYTLPPSRDELTKNQVSLTCLVKGFYPSDIAVEWESNGQPENNYKTTPPVLDSDGSFFLYSKLTVDKSRWQQGNVFSCSVMHEALHNHYTQKSLSLSPGK
1RTP,K80S,P02625,K81S,16707,7.4,45.8,-0.29,-0.057702586,0.30045,-0.33884932,-1.0380944,-0.38,-0.34,0.253,0.0774291,-0.56,-0.24,-0.0764,1,K81S,MSMTDLLSAEDIKKAIGAFTAADSFDHKKFFQMVGLKKKSADDVKKVFHILDKDKSGFIEEDELGSILKGFSSDARDLSAKETKTLMAAGDKDGDGKIGVEEFSTLVAES
1RTP,A21P,P02625,A22P,16703,7.4,45.8,-1.92,0.448644569,0.23368,-0.239916536,-1.6489733,-0.52,-0.39,0.805,1.03303,0.56,0.22,0.3269,1,A22P,MSMTDLLSAEDIKKAIGAFTAADSFDHKKFFQMVGLKKKSADDVKKVFHILDKDKSGFIEEDELGSILKGFSSDARDLSAKETKTLMAAGDKDGDGKIGVEEFSTLVAES
1RTP,H26P,P02625,H27P,16702,7.4,45.8,1.25,-1.085450565,0.69231,-1.303929378,-1.6610903,0.66,0.35,-0.13,2.16735,0.05,-0.76,-0.5763,1,H27P,MSMTDLLSAEDIKKAIGAFTAADSFDHKKFFQMVGLKKKSADDVKKVFHILDKDKSGFIEEDELGSILKGFSSDARDLSAKETKTLMAAGDKDGDGKIGVEEFSTLVAES
1RRO,P26A,P02631,P27A,16699,7.4,53.6,-0.74,-1.138551227,0.35769,-0.936378977,-0.98263938,-0.65,-0.62,-1.599,-2.35928,0.04,-1.5,-1.0546,A,P27A,MSITDILSAEDIAAALQECQDPDTFEPQKFFQTSGLSKMSASQVKDIFRFIDNDQSGYLDGDELKYFLQKFQSDARELTESETKSLMDAADNDGDGKIGADEFQEMVHS
1RRO,P21A,P02631,P22A,16698,7.4,53.6,-0.74,-0.362085975,0.50632,-0.203598656,-1.0987662,-0.51,-0.51,-0.29,-1.54476,-0.68,-0.47,-0.3799,A,P22A,MSITDILSAEDIAAALQECQDPDTFEPQKFFQTSGLSKMSASQVKDIFRFIDNDQSGYLDGDELKYFLQKFQSDARELTESETKSLMDAADNDGDGKIGADEFQEMVHS
2DRI,A188C,P02925,A213C,26037,7.6,25,-1.8,0.276063958,-1.15904,0.303352038,-0.93966041,-0.83,-0.87,-2.122,0.222913,1.74,0.66,0.4297,A,A213C,MNMKKLATLVSAVALSATVSANAMAKDTIALVVSTLNNPFFVSLKDGAQKEADKLGYNLVVLDSQNNPAKELANVQDLTVRGTKILLINPTDSDAVGNAVKMANQANIPVITLDRQATKGEVVSHIASDNVLGGKIAGDYIAKKAGEGAKVIELQGIAGTSAARERGEGFQQAVAAHKFNVLASQPADFDRIKGLNVMQNLLTAHPDVQAVFAQNDEMALGALRALQTAGKSDVMVVGFDGTPDGEKAVNDGKLAATIAQLPDQIGAKGVETADKVLKGEKVQAKYPVDLKLVVKQ
2DRI,L62C,P02925,L87C,26036,7.6,25,-2.7,-2.073356803,1.20579,-1.820218515,-1.3524281,-2.92,-2.2,-7.604,-3.56678,-2.52,-1.97,-2.1469,A,L87C,MNMKKLATLVSAVALSATVSANAMAKDTIALVVSTLNNPFFVSLKDGAQKEADKLGYNLVVLDSQNNPAKELANVQDLTVRGTKILLINPTDSDAVGNAVKMANQANIPVITLDRQATKGEVVSHIASDNVLGGKIAGDYIAKKAGEGAKVIELQGIAGTSAARERGEGFQQAVAAHKFNVLASQPADFDRIKGLNVMQNLLTAHPDVQAVFAQNDEMALGALRALQTAGKSDVMVVGFDGTPDGEKAVNDGKLAATIAQLPDQIGAKGVETADKVLKGEKVQAKYPVDLKLVVKQ
2L3Y,H31A,P08505,H57A,2403,7.4,25,-0.3,-0.441966706,0.31391,-1.305617748,-1.3261852,0.12,-0.9,-2.589,-0.552505,-0.42,-1.38,-0.2021,A,H57A,MKFLSARDFHPVAFLGLMLVTTTAFPTSQVRRGDFTEDTTPNRPVYTTSQVGGLITHVLWEIVEMRKELCNGNSDCMNNDDALAENNLKLPEIQRNDGCYQTGYNQEICLLKISSGLLEYHSYLEYMKNNLKDNKKDKARVLQRDTETLIHIFNQEVKDLHKIVLPTPISNALLTDKLESQKEWLRTKTIQFILKSLEEFLKVTLRSTRQT
2L3Y,W34A,P08505,W60A,2397,4,25,-2,-2.247232866,-0.14528,-1.887944654,-1.3676296,-1.34,-0.98,-1.744,0.174024,-2.27,-0.61,-1.972,A,W60A,MKFLSARDFHPVAFLGLMLVTTTAFPTSQVRRGDFTEDTTPNRPVYTTSQVGGLITHVLWEIVEMRKELCNGNSDCMNNDDALAENNLKLPEIQRNDGCYQTGYNQEICLLKISSGLLEYHSYLEYMKNNLKDNKKDKARVLQRDTETLIHIFNQEVKDLHKIVLPTPISNALLTDKLESQKEWLRTKTIQFILKSLEEFLKVTLRSTRQT
1CDC,A40G,P08921,A62G,5695,7,25,-1.71,-2.38221738,0.61458,-1.429062308,-1.242729,-1.6,-1.45,-1.029,-0.448704,-0.48,-1.87,-2.4519,B,A62G,MRCKFLGSFFLLFSLSSKGADCRDSGTVWGALGHGINLNIPNFQMTDDIDEVRWERGSTLVAEFKRKMKPFLKSGAFEILANGDLKIKNLTRDDSGTYNVTVYSTNGTRILNKALDLRILEMVSKPMIYWECSNATLTCEVLEGTDVELKLYQGKEHLRSLRQKTMSYQWTNLRAPFKCKAVNRVSQESEMEVVNCPEKGLPLYLIVGVSAGGLLLVFFGALFIFCICKRKKRNRRRKGEELEIKASRMSTVERGPKPHSTQASAPASQNPVASQAPPPPGHHLQTPGHRPLPPSHRNREHQPKKRPPPSGTQVHQQKGPPLPRPRVQPKPPCGSGDVSLPPPN
1CDC,I57V,P08921,I79V,5697,7,25,-0.43,-0.807329953,-0.01834,-0.402992034,-0.77494598,-0.62,-0.21,-0.608,-0.995804,-0.18,-0.69,-0.7456,B,I79V,MRCKFLGSFFLLFSLSSKGADCRDSGTVWGALGHGINLNIPNFQMTDDIDEVRWERGSTLVAEFKRKMKPFLKSGAFEILANGDLKIKNLTRDDSGTYNVTVYSTNGTRILNKALDLRILEMVSKPMIYWECSNATLTCEVLEGTDVELKLYQGKEHLRSLRQKTMSYQWTNLRAPFKCKAVNRVSQESEMEVVNCPEKGLPLYLIVGVSAGGLLLVFFGALFIFCICKRKKRNRRRKGEELEIKASRMSTVERGPKPHSTQASAPASQNPVASQAPPPPGHHLQTPGHRPLPPSHRNREHQPKKRPPPSGTQVHQQKGPPLPRPRVQPKPPCGSGDVSLPPPN
1CDC,L89V,P08921,L111V,5699,7,25,-0.14,-1.119584812,0.37017,-1.499823884,-1.4036895,-1.64,-1.1,-0.402,-0.703256,-0.21,-0.56,-0.9776,B,L111V,MRCKFLGSFFLLFSLSSKGADCRDSGTVWGALGHGINLNIPNFQMTDDIDEVRWERGSTLVAEFKRKMKPFLKSGAFEILANGDLKIKNLTRDDSGTYNVTVYSTNGTRILNKALDLRILEMVSKPMIYWECSNATLTCEVLEGTDVELKLYQGKEHLRSLRQKTMSYQWTNLRAPFKCKAVNRVSQESEMEVVNCPEKGLPLYLIVGVSAGGLLLVFFGALFIFCICKRKKRNRRRKGEELEIKASRMSTVERGPKPHSTQASAPASQNPVASQAPPPPGHHLQTPGHRPLPPSHRNREHQPKKRPPPSGTQVHQQKGPPLPRPRVQPKPPCGSGDVSLPPPN
1CDC,L95V,P08921,L117V,5700,7,25,-0.75,-1.060752412,0.9438,-1.106409644,-1.2237736,-1.54,-1.71,4.978,-1.32542,-0.73,-1.19,-1.1054,B,L117V,MRCKFLGSFFLLFSLSSKGADCRDSGTVWGALGHGINLNIPNFQMTDDIDEVRWERGSTLVAEFKRKMKPFLKSGAFEILANGDLKIKNLTRDDSGTYNVTVYSTNGTRILNKALDLRILEMVSKPMIYWECSNATLTCEVLEGTDVELKLYQGKEHLRSLRQKTMSYQWTNLRAPFKCKAVNRVSQESEMEVVNCPEKGLPLYLIVGVSAGGLLLVFFGALFIFCICKRKKRNRRRKGEELEIKASRMSTVERGPKPHSTQASAPASQNPVASQAPPPPGHHLQTPGHRPLPPSHRNREHQPKKRPPPSGTQVHQQKGPPLPRPRVQPKPPCGSGDVSLPPPN
1CDC,L50V,P08921,L72V,5696,7,25,0.37,-0.608545567,0.53655,-1.039809682,-1.684916,-1.63,-1.3,-0.476,-0.814499,-0.29,0.17,-0.4947,B,L72V,MRCKFLGSFFLLFSLSSKGADCRDSGTVWGALGHGINLNIPNFQMTDDIDEVRWERGSTLVAEFKRKMKPFLKSGAFEILANGDLKIKNLTRDDSGTYNVTVYSTNGTRILNKALDLRILEMVSKPMIYWECSNATLTCEVLEGTDVELKLYQGKEHLRSLRQKTMSYQWTNLRAPFKCKAVNRVSQESEMEVVNCPEKGLPLYLIVGVSAGGLLLVFFGALFIFCICKRKKRNRRRKGEELEIKASRMSTVERGPKPHSTQASAPASQNPVASQAPPPPGHHLQTPGHRPLPPSHRNREHQPKKRPPPSGTQVHQQKGPPLPRPRVQPKPPCGSGDVSLPPPN
1CDC,V78A,P08921,V100A,5698,7,25,-3.01,-1.841970684,1.51985,-1.990907785,-1.97338,-2.75,-1.98,3.993,-0.778276,-0.93,-2.72,-1.7437,B,V100A,MRCKFLGSFFLLFSLSSKGADCRDSGTVWGALGHGINLNIPNFQMTDDIDEVRWERGSTLVAEFKRKMKPFLKSGAFEILANGDLKIKNLTRDDSGTYNVTVYSTNGTRILNKALDLRILEMVSKPMIYWECSNATLTCEVLEGTDVELKLYQGKEHLRSLRQKTMSYQWTNLRAPFKCKAVNRVSQESEMEVVNCPEKGLPLYLIVGVSAGGLLLVFFGALFIFCICKRKKRNRRRKGEELEIKASRMSTVERGPKPHSTQASAPASQNPVASQAPPPPGHHLQTPGHRPLPPSHRNREHQPKKRPPPSGTQVHQQKGPPLPRPRVQPKPPCGSGDVSLPPPN
1CDC,I18V,P08921,I40V,5693,7,25,-1.17,-1.06133087,0.65739,-1.289971729,-0.80852412,-0.75,0,-1.118,-1.23093,-0.49,-1.13,-0.915,B,I40V,MRCKFLGSFFLLFSLSSKGADCRDSGTVWGALGHGINLNIPNFQMTDDIDEVRWERGSTLVAEFKRKMKPFLKSGAFEILANGDLKIKNLTRDDSGTYNVTVYSTNGTRILNKALDLRILEMVSKPMIYWECSNATLTCEVLEGTDVELKLYQGKEHLRSLRQKTMSYQWTNLRAPFKCKAVNRVSQESEMEVVNCPEKGLPLYLIVGVSAGGLLLVFFGALFIFCICKRKKRNRRRKGEELEIKASRMSTVERGPKPHSTQASAPASQNPVASQAPPPPGHHLQTPGHRPLPPSHRNREHQPKKRPPPSGTQVHQQKGPPLPRPRVQPKPPCGSGDVSLPPPN
1CDC,V30A,P08921,V52A,5694,7,25,-4.88,-2.265725352,1.35885,-2.479358149,-2.3888035,-1.53,-1.07,-0.917,-2.30222,-0.87,-3.29,-2.4255,B,V52A,MRCKFLGSFFLLFSLSSKGADCRDSGTVWGALGHGINLNIPNFQMTDDIDEVRWERGSTLVAEFKRKMKPFLKSGAFEILANGDLKIKNLTRDDSGTYNVTVYSTNGTRILNKALDLRILEMVSKPMIYWECSNATLTCEVLEGTDVELKLYQGKEHLRSLRQKTMSYQWTNLRAPFKCKAVNRVSQESEMEVVNCPEKGLPLYLIVGVSAGGLLLVFFGALFIFCICKRKKRNRRRKGEELEIKASRMSTVERGPKPHSTQASAPASQNPVASQAPPPPGHHLQTPGHRPLPPSHRNREHQPKKRPPPSGTQVHQQKGPPLPRPRVQPKPPCGSGDVSLPPPN
1CDC,L16V,P08921,L38V,5692,7,25,-2.2,-1.528494361,0.37653,-1.45350796,-1.01363,-1.43,-0.56,5.176,-0.907363,-0.41,-1.3,-1.5658,B,L38V,MRCKFLGSFFLLFSLSSKGADCRDSGTVWGALGHGINLNIPNFQMTDDIDEVRWERGSTLVAEFKRKMKPFLKSGAFEILANGDLKIKNLTRDDSGTYNVTVYSTNGTRILNKALDLRILEMVSKPMIYWECSNATLTCEVLEGTDVELKLYQGKEHLRSLRQKTMSYQWTNLRAPFKCKAVNRVSQESEMEVVNCPEKGLPLYLIVGVSAGGLLLVFFGALFIFCICKRKKRNRRRKGEELEIKASRMSTVERGPKPHSTQASAPASQNPVASQAPPPPGHHLQTPGHRPLPPSHRNREHQPKKRPPPSGTQVHQQKGPPLPRPRVQPKPPCGSGDVSLPPPN
1FTG,E61K,P0A3D9,E62K,17971,7,44.15,0.24,-0.594847504,-0.58929,-0.760591924,-1.4650433,-0.26,-0.08,0.192,1.06105,0.8,0.05,-0.6178,A,E62K,MSKKIGLFYGTQTGKTESVAEIIRDEFGNDVVTLHDVSQAEVTDLNDYQYLIIGCPTWNIGELQSDWEGLYSELDDVDFNGKLVAYFGTGDQIGYADNFQDAIGILEEKISQRGGKTVGYWSTDGYDFNDSKALRNGKFVGLALDEDNQSDLTDDRIKSWVAQLKSEFGL
1FTG,D126K,P0A3D9,D127K,17975,7,44.15,0.55,-0.085077504,-0.56876,-0.611843627,-1.3040885,-0.67,-0.4,-0.083,0.345169,0.47,0.08,0.1003,A,D127K,MSKKIGLFYGTQTGKTESVAEIIRDEFGNDVVTLHDVSQAEVTDLNDYQYLIIGCPTWNIGELQSDWEGLYSELDDVDFNGKLVAYFGTGDQIGYADNFQDAIGILEEKISQRGGKTVGYWSTDGYDFNDSKALRNGKFVGLALDEDNQSDLTDDRIKSWVAQLKSEFGL
1FTG,V139A,P0A3D9,V140A,9918080,7,44.15,-0.87,-2.519129853,2.30489,-2.490129237,-1.1513089,-1.11,-0.71,0.589,-1.08055,-1.63,-2.56,-2.4098,A,V140A,MSKKIGLFYGTQTGKTESVAEIIRDEFGNDVVTLHDVSQAEVTDLNDYQYLIIGCPTWNIGELQSDWEGLYSELDDVDFNGKLVAYFGTGDQIGYADNFQDAIGILEEKISQRGGKTVGYWSTDGYDFNDSKALRNGKFVGLALDEDNQSDLTDDRIKSWVAQLKSEFGL
1FTG,V18I,P0A3D9,V19I,9919982,7,43.25,0.69,-0.476515041,0.54187,0.458522547,-0.45124642,0.06,0.07,0.583,0.693232,1.04,-0.79,-0.4249,A,V19I,MSKKIGLFYGTQTGKTESVAEIIRDEFGNDVVTLHDVSQAEVTDLNDYQYLIIGCPTWNIGELQSDWEGLYSELDDVDFNGKLVAYFGTGDQIGYADNFQDAIGILEEKISQRGGKTVGYWSTDGYDFNDSKALRNGKFVGLALDEDNQSDLTDDRIKSWVAQLKSEFGL
1FTG,N97A,P0A3D9,N98A,9918074,7,44.15,-0.46,-0.937531045,0.47004,-0.472218703,-1.7233718,-0.19,-0.27,-1.283,-1.26021,-0.14,-1.62,-0.6453,A,N98A,MSKKIGLFYGTQTGKTESVAEIIRDEFGNDVVTLHDVSQAEVTDLNDYQYLIIGCPTWNIGELQSDWEGLYSELDDVDFNGKLVAYFGTGDQIGYADNFQDAIGILEEKISQRGGKTVGYWSTDGYDFNDSKALRNGKFVGLALDEDNQSDLTDDRIKSWVAQLKSEFGL
1FTG,D43A,P0A3D9,D44A,9918069,7,44.15,0.1,-0.087089357,-0.00256,0.077286507,-1.2312106,-0.14,-0.07,-0.363,0.45093,0.49,-0.51,-0.1996,A,D44A,MSKKIGLFYGTQTGKTESVAEIIRDEFGNDVVTLHDVSQAEVTDLNDYQYLIIGCPTWNIGELQSDWEGLYSELDDVDFNGKLVAYFGTGDQIGYADNFQDAIGILEEKISQRGGKTVGYWSTDGYDFNDSKALRNGKFVGLALDEDNQSDLTDDRIKSWVAQLKSEFGL
1FTG,E20K,P0A3D9,E21K,9919983,7,43.25,1.32,-0.409875036,-0.23141,0.683737169,-1.3529365,-0.53,-0.57,1.159,0.48954,0.42,-0.25,-0.2834,A,E21K,MSKKIGLFYGTQTGKTESVAEIIRDEFGNDVVTLHDVSQAEVTDLNDYQYLIIGCPTWNIGELQSDWEGLYSELDDVDFNGKLVAYFGTGDQIGYADNFQDAIGILEEKISQRGGKTVGYWSTDGYDFNDSKALRNGKFVGLALDEDNQSDLTDDRIKSWVAQLKSEFGL
1FTG,I104V,P0A3D9,I105V,9918076,7,44.15,-0.56,-0.790437298,1.33024,-1.127108778,-0.91144537,-0.75,-0.53,-0.609,-0.772814,-0.51,-0.98,-0.6115,A,I105V,MSKKIGLFYGTQTGKTESVAEIIRDEFGNDVVTLHDVSQAEVTDLNDYQYLIIGCPTWNIGELQSDWEGLYSELDDVDFNGKLVAYFGTGDQIGYADNFQDAIGILEEKISQRGGKTVGYWSTDGYDFNDSKALRNGKFVGLALDEDNQSDLTDDRIKSWVAQLKSEFGL
1FTG,V160A,P0A3D9,V161A,9918083,7,44.15,-1.91,-1.957337688,1.87249,-1.633134914,-0.92519295,-1.33,-1.05,-2.546,-1.96996,-1.55,-1.83,-1.8046,A,V161A,MSKKIGLFYGTQTGKTESVAEIIRDEFGNDVVTLHDVSQAEVTDLNDYQYLIIGCPTWNIGELQSDWEGLYSELDDVDFNGKLVAYFGTGDQIGYADNFQDAIGILEEKISQRGGKTVGYWSTDGYDFNDSKALRNGKFVGLALDEDNQSDLTDDRIKSWVAQLKSEFGL
1FTG,A101V,P0A3D9,A102V,9919993,7,43.25,-0.16,-0.634200907,0.90717,-0.697875567,-0.13662157,0.05,0.27,-1.208,-0.471796,1.13,0.24,-0.4212,A,A102V,MSKKIGLFYGTQTGKTESVAEIIRDEFGNDVVTLHDVSQAEVTDLNDYQYLIIGCPTWNIGELQSDWEGLYSELDDVDFNGKLVAYFGTGDQIGYADNFQDAIGILEEKISQRGGKTVGYWSTDGYDFNDSKALRNGKFVGLALDEDNQSDLTDDRIKSWVAQLKSEFGL
1FTG,V83I,P0A3D9,V84I,9919991,7,43.25,0.1,-0.55892629,0.32244,-0.475775298,0.17052589,-0.34,0.04,-1.305,-0.107749,0.79,-0.94,-0.5527,A,V84I,MSKKIGLFYGTQTGKTESVAEIIRDEFGNDVVTLHDVSQAEVTDLNDYQYLIIGCPTWNIGELQSDWEGLYSELDDVDFNGKLVAYFGTGDQIGYADNFQDAIGILEEKISQRGGKTVGYWSTDGYDFNDSKALRNGKFVGLALDEDNQSDLTDDRIKSWVAQLKSEFGL
1FTG,T122S,P0A3D9,T123S,9918079,7,44.15,-0.31,-0.855748324,1.02541,-1.328746477,-1.1062608,-0.24,0.13,-1.316,-0.741511,-0.39,-1.17,-0.5467,A,T123S,MSKKIGLFYGTQTGKTESVAEIIRDEFGNDVVTLHDVSQAEVTDLNDYQYLIIGCPTWNIGELQSDWEGLYSELDDVDFNGKLVAYFGTGDQIGYADNFQDAIGILEEKISQRGGKTVGYWSTDGYDFNDSKALRNGKFVGLALDEDNQSDLTDDRIKSWVAQLKSEFGL
1FLV,G87L,P0A3D9,G88L,22101,7,44.15,-0.21,-0.73627542,-0.95614,0.500841896,-0.23261986,-0.42,0.29,-8.227,-8.40387,2.61,0.33,-0.4974,A,G88L,MSKKIGLFYGTQTGKTESVAEIIRDEFGNDVVTLHDVSQAEVTDLNDYQYLIIGCPTWNIGELQSDWEGLYSELDDVDFNGKLVAYFGTGDQIGYADNFQDAIGILEEKISQRGGKTVGYWSTDGYDFNDSKALRNGKFVGLALDEDNQSDLTDDRIKSWVAQLKSEFGL
1FLV,G87A,P0A3D9,G88A,22099,7,44.15,-0.09,-0.85303428,0.06022,-0.458953577,-1.3044611,-0.7,-0.59,-1.005,-0.994593,1.22,-0.01,-0.4204,A,G88A,MSKKIGLFYGTQTGKTESVAEIIRDEFGNDVVTLHDVSQAEVTDLNDYQYLIIGCPTWNIGELQSDWEGLYSELDDVDFNGKLVAYFGTGDQIGYADNFQDAIGILEEKISQRGGKTVGYWSTDGYDFNDSKALRNGKFVGLALDEDNQSDLTDDRIKSWVAQLKSEFGL
1FTG,L50A,P0A3D9,L51A,9919987,7,43.25,-2.84,-3.127971599,3.25587,-2.858339882,-2.4106672,-2.83,-1.35,-5.586,-3.55185,-3.43,-2.67,-2.8507,A,L51A,MSKKIGLFYGTQTGKTESVAEIIRDEFGNDVVTLHDVSQAEVTDLNDYQYLIIGCPTWNIGELQSDWEGLYSELDDVDFNGKLVAYFGTGDQIGYADNFQDAIGILEEKISQRGGKTVGYWSTDGYDFNDSKALRNGKFVGLALDEDNQSDLTDDRIKSWVAQLKSEFGL
1FLV,A101L,P0A3D9,A102L,22103,7,44.15,-0.53,-0.670391547,-0.05931,-0.277121361,0.043786558,-0.12,0.3,-15.809,-8.77602,1.39,-0.17,-0.5841,A,A102L,MSKKIGLFYGTQTGKTESVAEIIRDEFGNDVVTLHDVSQAEVTDLNDYQYLIIGCPTWNIGELQSDWEGLYSELDDVDFNGKLVAYFGTGDQIGYADNFQDAIGILEEKISQRGGKTVGYWSTDGYDFNDSKALRNGKFVGLALDEDNQSDLTDDRIKSWVAQLKSEFGL
1FLV,G87V,P0A3D9,G88V,22100,7,44.15,0.12,-0.636435912,-0.75951,0.471145056,-0.80133131,-0.31,-0.14,-8.56,-5.71109,2.32,0.69,-0.121,A,G88V,MSKKIGLFYGTQTGKTESVAEIIRDEFGNDVVTLHDVSQAEVTDLNDYQYLIIGCPTWNIGELQSDWEGLYSELDDVDFNGKLVAYFGTGDQIGYADNFQDAIGILEEKISQRGGKTVGYWSTDGYDFNDSKALRNGKFVGLALDEDNQSDLTDDRIKSWVAQLKSEFGL
1FTG,I51V,P0A3D9,I52V,9918070,7,44.15,-1.83,-1.439286185,1.2568,-1.45279073,-0.92496976,-0.73,-0.64,-1.953,-0.782212,-1.41,-1.29,-1.4829,A,I52V,MSKKIGLFYGTQTGKTESVAEIIRDEFGNDVVTLHDVSQAEVTDLNDYQYLIIGCPTWNIGELQSDWEGLYSELDDVDFNGKLVAYFGTGDQIGYADNFQDAIGILEEKISQRGGKTVGYWSTDGYDFNDSKALRNGKFVGLALDEDNQSDLTDDRIKSWVAQLKSEFGL
1FTG,Q99A,P0A3D9,Q100A,9919992,7,43.25,1.72,-1.255139233,-0.52404,-0.953698975,-1.1547544,0.36,0.27,-1.603,-0.502701,0.1,-0.96,-1.0247,A,Q100A,MSKKIGLFYGTQTGKTESVAEIIRDEFGNDVVTLHDVSQAEVTDLNDYQYLIIGCPTWNIGELQSDWEGLYSELDDVDFNGKLVAYFGTGDQIGYADNFQDAIGILEEKISQRGGKTVGYWSTDGYDFNDSKALRNGKFVGLALDEDNQSDLTDDRIKSWVAQLKSEFGL
1FTG,D65K,P0A3D9,D66K,17972,7,44.15,-0.09,-0.829743779,0.35366,-0.511147071,-1.7963281,0.1,0.19,0.816,-0.420733,0.64,-0.75,-0.6889,A,D66K,MSKKIGLFYGTQTGKTESVAEIIRDEFGNDVVTLHDVSQAEVTDLNDYQYLIIGCPTWNIGELQSDWEGLYSELDDVDFNGKLVAYFGTGDQIGYADNFQDAIGILEEKISQRGGKTVGYWSTDGYDFNDSKALRNGKFVGLALDEDNQSDLTDDRIKSWVAQLKSEFGL
1FTG,S110A,P0A3D9,S111A,9918077,7,44.15,-0.64,0.404211941,-0.03303,0.230879256,-0.80128261,-0.26,-0.44,0.155,0.285705,0.34,0.08,0.4593,A,S111A,MSKKIGLFYGTQTGKTESVAEIIRDEFGNDVVTLHDVSQAEVTDLNDYQYLIIGCPTWNIGELQSDWEGLYSELDDVDFNGKLVAYFGTGDQIGYADNFQDAIGILEEKISQRGGKTVGYWSTDGYDFNDSKALRNGKFVGLALDEDNQSDLTDDRIKSWVAQLKSEFGL
1FTG,I21A,P0A3D9,I22A,9919984,7,43.25,0.45,-0.747423891,0.06058,-1.874383537,-2.4608441,-1.97,-1.85,-1.708,-1.12863,-1.18,-0.29,-0.8211,A,I22A,MSKKIGLFYGTQTGKTESVAEIIRDEFGNDVVTLHDVSQAEVTDLNDYQYLIIGCPTWNIGELQSDWEGLYSELDDVDFNGKLVAYFGTGDQIGYADNFQDAIGILEEKISQRGGKTVGYWSTDGYDFNDSKALRNGKFVGLALDEDNQSDLTDDRIKSWVAQLKSEFGL
1FTG,I21G,P0A3D9,I22G,9919985,7,43.25,-0.76,-2.062102168,0.9516,-3.351433881,-2.6565577,-2.55,-2.53,-3.527,-2.4796,-2.52,-1.23,-1.9819,A,I22G,MSKKIGLFYGTQTGKTESVAEIIRDEFGNDVVTLHDVSQAEVTDLNDYQYLIIGCPTWNIGELQSDWEGLYSELDDVDFNGKLVAYFGTGDQIGYADNFQDAIGILEEKISQRGGKTVGYWSTDGYDFNDSKALRNGKFVGLALDEDNQSDLTDDRIKSWVAQLKSEFGL
1FTG,A84G,P0A3D9,A85G,9918073,7,44.15,-1.8,-2.169781559,1.8639,-1.700020243,-1.6428627,-1.07,-1.17,-2.879,-1.26941,-1.75,-2.07,-2.0143,A,A85G,MSKKIGLFYGTQTGKTESVAEIIRDEFGNDVVTLHDVSQAEVTDLNDYQYLIIGCPTWNIGELQSDWEGLYSELDDVDFNGKLVAYFGTGDQIGYADNFQDAIGILEEKISQRGGKTVGYWSTDGYDFNDSKALRNGKFVGLALDEDNQSDLTDDRIKSWVAQLKSEFGL
1FTG,E72K,P0A3D9,E73K,9919989,7,43.25,0.9,-0.795815033,-0.36132,-0.040695839,-2.1906395,-1.06,-1.18,1.142,1.21241,0.86,-0.06,-0.5197,A,E73K,MSKKIGLFYGTQTGKTESVAEIIRDEFGNDVVTLHDVSQAEVTDLNDYQYLIIGCPTWNIGELQSDWEGLYSELDDVDFNGKLVAYFGTGDQIGYADNFQDAIGILEEKISQRGGKTVGYWSTDGYDFNDSKALRNGKFVGLALDEDNQSDLTDDRIKSWVAQLKSEFGL
1FTG,E40K,P0A3D9,E41K,9919986,7,43.25,0.87,0.372234038,-0.52144,-0.371020065,-1.8972733,-0.97,-1,0.651,1.0063,0.77,0.08,0.3729,A,E41K,MSKKIGLFYGTQTGKTESVAEIIRDEFGNDVVTLHDVSQAEVTDLNDYQYLIIGCPTWNIGELQSDWEGLYSELDDVDFNGKLVAYFGTGDQIGYADNFQDAIGILEEKISQRGGKTVGYWSTDGYDFNDSKALRNGKFVGLALDEDNQSDLTDDRIKSWVAQLKSEFGL
1FTG,S71A,P0A3D9,S72A,9918072,7,44.15,-0.69,0.321420824,-0.42805,-0.034477122,-0.49304493,-0.2,-0.18,0.061,-0.416609,0.12,0.32,0.2597,A,S72A,MSKKIGLFYGTQTGKTESVAEIIRDEFGNDVVTLHDVSQAEVTDLNDYQYLIIGCPTWNIGELQSDWEGLYSELDDVDFNGKLVAYFGTGDQIGYADNFQDAIGILEEKISQRGGKTVGYWSTDGYDFNDSKALRNGKFVGLALDEDNQSDLTDDRIKSWVAQLKSEFGL
1FTG,I156V,P0A3D9,I157V,9918082,7,44.15,-3.6,-0.933938792,2.55288,-0.411312249,-1.0761928,-1,-0.78,-0.716,-1.47978,-0.86,-1.39,-1.0461,A,I157V,MSKKIGLFYGTQTGKTESVAEIIRDEFGNDVVTLHDVSQAEVTDLNDYQYLIIGCPTWNIGELQSDWEGLYSELDDVDFNGKLVAYFGTGDQIGYADNFQDAIGILEEKISQRGGKTVGYWSTDGYDFNDSKALRNGKFVGLALDEDNQSDLTDDRIKSWVAQLKSEFGL
1FTG,Q111G,P0A3D9,Q112G,9919995,7,43.25,-0.31,-0.663789034,0.17309,-0.561505216,-1.6236048,-0.62,-0.6,-1.066,-1.0404,-0.93,-1.39,-0.4287,A,Q112G,MSKKIGLFYGTQTGKTESVAEIIRDEFGNDVVTLHDVSQAEVTDLNDYQYLIIGCPTWNIGELQSDWEGLYSELDDVDFNGKLVAYFGTGDQIGYADNFQDAIGILEEKISQRGGKTVGYWSTDGYDFNDSKALRNGKFVGLALDEDNQSDLTDDRIKSWVAQLKSEFGL
1FTG,V31A,P0A3D9,V32A,9918068,7,44.15,-1.72,-1.817989371,2.01198,-1.161782528,-1.6311486,-1.54,-1.46,-2.886,-2.67822,-1.62,-2.09,-1.7844,A,V32A,MSKKIGLFYGTQTGKTESVAEIIRDEFGNDVVTLHDVSQAEVTDLNDYQYLIIGCPTWNIGELQSDWEGLYSELDDVDFNGKLVAYFGTGDQIGYADNFQDAIGILEEKISQRGGKTVGYWSTDGYDFNDSKALRNGKFVGLALDEDNQSDLTDDRIKSWVAQLKSEFGL
1FLV,V18L,P0A3D9,V19L,22092,7,44.15,0.09,-0.741803042,0.35449,-0.635045659,-0.13213819,-0.1,-0.48,-0.027,-0.150265,1.32,-1.01,-0.7896,A,V19L,MSKKIGLFYGTQTGKTESVAEIIRDEFGNDVVTLHDVSQAEVTDLNDYQYLIIGCPTWNIGELQSDWEGLYSELDDVDFNGKLVAYFGTGDQIGYADNFQDAIGILEEKISQRGGKTVGYWSTDGYDFNDSKALRNGKFVGLALDEDNQSDLTDDRIKSWVAQLKSEFGL
1FTG,D75K,P0A3D9,D76K,9919990,7,43.25,1.01,0.182327497,-0.9569,0.239945315,-1.0125324,-0.6,-0.22,2.315,0.963219,0.87,-0.04,0.269,A,D76K,MSKKIGLFYGTQTGKTESVAEIIRDEFGNDVVTLHDVSQAEVTDLNDYQYLIIGCPTWNIGELQSDWEGLYSELDDVDFNGKLVAYFGTGDQIGYADNFQDAIGILEEKISQRGGKTVGYWSTDGYDFNDSKALRNGKFVGLALDEDNQSDLTDDRIKSWVAQLKSEFGL
1FTG,L143A,P0A3D9,L144A,9918081,7,44.15,-0.1,-2.617741862,2.95318,-2.727758969,-2.6402666,-3.15,-1.39,-5.922,-4.15514,-2.91,-3.31,-2.6085,A,L144A,MSKKIGLFYGTQTGKTESVAEIIRDEFGNDVVTLHDVSQAEVTDLNDYQYLIIGCPTWNIGELQSDWEGLYSELDDVDFNGKLVAYFGTGDQIGYADNFQDAIGILEEKISQRGGKTVGYWSTDGYDFNDSKALRNGKFVGLALDEDNQSDLTDDRIKSWVAQLKSEFGL
1FTG,V117A,P0A3D9,V118A,9918078,7,44.15,-1.74,-2.421919695,2.03341,-1.92676115,-1.0418019,-1.46,-0.97,-2.042,-1.73981,-1.52,-2.29,-2.3129,A,V118A,MSKKIGLFYGTQTGKTESVAEIIRDEFGNDVVTLHDVSQAEVTDLNDYQYLIIGCPTWNIGELQSDWEGLYSELDDVDFNGKLVAYFGTGDQIGYADNFQDAIGILEEKISQRGGKTVGYWSTDGYDFNDSKALRNGKFVGLALDEDNQSDLTDDRIKSWVAQLKSEFGL
1FTG,G68A,P0A3D9,G69A,9919988,7,43.25,0.55,0.6239842,-0.63176,0.590337792,-0.67381657,-0.29,-0.58,0.965,-0.0232178,0.68,0.54,0.6015,A,G69A,MSKKIGLFYGTQTGKTESVAEIIRDEFGNDVVTLHDVSQAEVTDLNDYQYLIIGCPTWNIGELQSDWEGLYSELDDVDFNGKLVAYFGTGDQIGYADNFQDAIGILEEKISQRGGKTVGYWSTDGYDFNDSKALRNGKFVGLALDEDNQSDLTDDRIKSWVAQLKSEFGL
1FTG,L6A,P0A3D9,L7A,9918066,7,44.15,-2.94,-3.065520606,2.8372,-2.875266257,-2.7090023,-2.17,-2.32,-5.677,-4.50647,-3.63,-3.06,-2.7926,A,L7A,MSKKIGLFYGTQTGKTESVAEIIRDEFGNDVVTLHDVSQAEVTDLNDYQYLIIGCPTWNIGELQSDWEGLYSELDDVDFNGKLVAYFGTGDQIGYADNFQDAIGILEEKISQRGGKTVGYWSTDGYDFNDSKALRNGKFVGLALDEDNQSDLTDDRIKSWVAQLKSEFGL
1FTG,I52V,P0A3D9,I53V,9918071,7,44.15,-1.4,-1.046729913,1.29922,-1.439007351,-0.98179598,-0.74,-0.5,-1.525,-1.29287,-1.34,-1.59,-0.9663,A,I53V,MSKKIGLFYGTQTGKTESVAEIIRDEFGNDVVTLHDVSQAEVTDLNDYQYLIIGCPTWNIGELQSDWEGLYSELDDVDFNGKLVAYFGTGDQIGYADNFQDAIGILEEKISQRGGKTVGYWSTDGYDFNDSKALRNGKFVGLALDEDNQSDLTDDRIKSWVAQLKSEFGL
1FTG,I22V,P0A3D9,I23V,9918067,7,44.15,-1.39,-1.347969903,2.53455,-1.390631369,-1.2537959,-0.69,-0.74,-2.546,-1.45461,-1.27,-1.12,-1.4208,A,I23V,MSKKIGLFYGTQTGKTESVAEIIRDEFGNDVVTLHDVSQAEVTDLNDYQYLIIGCPTWNIGELQSDWEGLYSELDDVDFNGKLVAYFGTGDQIGYADNFQDAIGILEEKISQRGGKTVGYWSTDGYDFNDSKALRNGKFVGLALDEDNQSDLTDDRIKSWVAQLKSEFGL
1FTG,E107A,P0A3D9,E108A,9919994,7,43.25,0.62,-0.359132098,-0.27268,-0.387514518,-1.2659476,0.05,-0.19,0.322,-0.04662,-0.39,-0.16,-0.2372,A,E108A,MSKKIGLFYGTQTGKTESVAEIIRDEFGNDVVTLHDVSQAEVTDLNDYQYLIIGCPTWNIGELQSDWEGLYSELDDVDFNGKLVAYFGTGDQIGYADNFQDAIGILEEKISQRGGKTVGYWSTDGYDFNDSKALRNGKFVGLALDEDNQSDLTDDRIKSWVAQLKSEFGL
1FTG,D150K,P0A3D9,D151K,17976,7,44.15,-0.22,-0.191422156,-0.90696,-0.672909536,-1.6011778,0.02,0.13,0.212,1.0741,0.56,-0.04,-0.2186,A,D151K,MSKKIGLFYGTQTGKTESVAEIIRDEFGNDVVTLHDVSQAEVTDLNDYQYLIIGCPTWNIGELQSDWEGLYSELDDVDFNGKLVAYFGTGDQIGYADNFQDAIGILEEKISQRGGKTVGYWSTDGYDFNDSKALRNGKFVGLALDEDNQSDLTDDRIKSWVAQLKSEFGL
1W4H,L158A,P0AFG6,L141A,24808,7,9.85,-2.12,-2.283099548,2.85822,-2.885589564,-1.9478976,-2.88,-2.64,-1.441,-1.32641,-1.29,-2.79,-2.0953,A,L141A,MSSVDILVPDLPESVADATVATWHKKPGDAVVRDEVLVEIETDKVVLEVPASADGILDAVLEDEGTTVTSRQILGRLREGNSAGKETSAKSEEKASTPAQRQQASLEEQNNDALSPAIRRLLAEHNLDASAIKGTGVGGRLTREDVEKHLAKAPAKESAPAAAAPAAQPALAARSEKRVPMTRLRKRVAERLLEAKNSTAMLTTFNEVNMKPIMDLRKQYGEAFEKRHGIRLGFMSFYVKAVVEALKRYPEVNASIDGDDVVYHNYFDVSMAVSTPRGLVTPVLRDVDTLGMADIEKKIKELAVKGRDGKLTVEDLTGGNFTITNGGVFGSLMSTPIINPPQSAILGMHAIKDRPMAVNGQVEILPMMYLALSYDHRLIDGRESVGFLVTIKELLEDPTRLLLDV
1W4H,A140G,P0AFG6,A123G,24800,7,9.85,-1.02,-0.571929207,0.92288,-0.96226348,-1.5240523,-1.35,-1.34,-1.215,-0.629975,-0.74,-0.63,-0.7539,A,A123G,MSSVDILVPDLPESVADATVATWHKKPGDAVVRDEVLVEIETDKVVLEVPASADGILDAVLEDEGTTVTSRQILGRLREGNSAGKETSAKSEEKASTPAQRQQASLEEQNNDALSPAIRRLLAEHNLDASAIKGTGVGGRLTREDVEKHLAKAPAKESAPAAAAPAAQPALAARSEKRVPMTRLRKRVAERLLEAKNSTAMLTTFNEVNMKPIMDLRKQYGEAFEKRHGIRLGFMSFYVKAVVEALKRYPEVNASIDGDDVVYHNYFDVSMAVSTPRGLVTPVLRDVDTLGMADIEKKIKELAVKGRDGKLTVEDLTGGNFTITNGGVFGSLMSTPIINPPQSAILGMHAIKDRPMAVNGQVEILPMMYLALSYDHRLIDGRESVGFLVTIKELLEDPTRLLLDV
1W4H,A130G,P0AFG6,A113G,24791,7,9.85,-0.04,-0.483910468,0.58257,-0.714505345,-1.4995301,-1.43,-2.14,-1.22,-0.795789,-0.46,-0.91,-0.3486,A,A113G,MSSVDILVPDLPESVADATVATWHKKPGDAVVRDEVLVEIETDKVVLEVPASADGILDAVLEDEGTTVTSRQILGRLREGNSAGKETSAKSEEKASTPAQRQQASLEEQNNDALSPAIRRLLAEHNLDASAIKGTGVGGRLTREDVEKHLAKAPAKESAPAAAAPAAQPALAARSEKRVPMTRLRKRVAERLLEAKNSTAMLTTFNEVNMKPIMDLRKQYGEAFEKRHGIRLGFMSFYVKAVVEALKRYPEVNASIDGDDVVYHNYFDVSMAVSTPRGLVTPVLRDVDTLGMADIEKKIKELAVKGRDGKLTVEDLTGGNFTITNGGVFGSLMSTPIINPPQSAILGMHAIKDRPMAVNGQVEILPMMYLALSYDHRLIDGRESVGFLVTIKELLEDPTRLLLDV
1W4H,D162N,P0AFG6,D145N,24810,7,9.85,-3.1,0.075127149,0.03683,-0.886341236,-0.68287944,-1.17,-0.63,-0.579,-1.70869,-0.23,-0.83,0.1198,A,D145N,MSSVDILVPDLPESVADATVATWHKKPGDAVVRDEVLVEIETDKVVLEVPASADGILDAVLEDEGTTVTSRQILGRLREGNSAGKETSAKSEEKASTPAQRQQASLEEQNNDALSPAIRRLLAEHNLDASAIKGTGVGGRLTREDVEKHLAKAPAKESAPAAAAPAAQPALAARSEKRVPMTRLRKRVAERLLEAKNSTAMLTTFNEVNMKPIMDLRKQYGEAFEKRHGIRLGFMSFYVKAVVEALKRYPEVNASIDGDDVVYHNYFDVSMAVSTPRGLVTPVLRDVDTLGMADIEKKIKELAVKGRDGKLTVEDLTGGNFTITNGGVFGSLMSTPIINPPQSAILGMHAIKDRPMAVNGQVEILPMMYLALSYDHRLIDGRESVGFLVTIKELLEDPTRLLLDV
1W4H,A146G,P0AFG6,A129G,24802,7,9.85,-0.58,-1.68581267,1.91115,-1.865149077,-1.2028157,-1.51,-2.29,0.441,-1.36664,-0.91,-1.86,-1.5887,A,A129G,MSSVDILVPDLPESVADATVATWHKKPGDAVVRDEVLVEIETDKVVLEVPASADGILDAVLEDEGTTVTSRQILGRLREGNSAGKETSAKSEEKASTPAQRQQASLEEQNNDALSPAIRRLLAEHNLDASAIKGTGVGGRLTREDVEKHLAKAPAKESAPAAAAPAAQPALAARSEKRVPMTRLRKRVAERLLEAKNSTAMLTTFNEVNMKPIMDLRKQYGEAFEKRHGIRLGFMSFYVKAVVEALKRYPEVNASIDGDDVVYHNYFDVSMAVSTPRGLVTPVLRDVDTLGMADIEKKIKELAVKGRDGKLTVEDLTGGNFTITNGGVFGSLMSTPIINPPQSAILGMHAIKDRPMAVNGQVEILPMMYLALSYDHRLIDGRESVGFLVTIKELLEDPTRLLLDV
1W4H,I135V,P0AFG6,I118V,24796,7,9.85,-0.03,-0.74831486,1.05068,-0.322286647,-1.1305813,-0.8,-0.77,0.653,-0.124261,-0.26,-0.94,-0.6545,A,I118V,MSSVDILVPDLPESVADATVATWHKKPGDAVVRDEVLVEIETDKVVLEVPASADGILDAVLEDEGTTVTSRQILGRLREGNSAGKETSAKSEEKASTPAQRQQASLEEQNNDALSPAIRRLLAEHNLDASAIKGTGVGGRLTREDVEKHLAKAPAKESAPAAAAPAAQPALAARSEKRVPMTRLRKRVAERLLEAKNSTAMLTTFNEVNMKPIMDLRKQYGEAFEKRHGIRLGFMSFYVKAVVEALKRYPEVNASIDGDDVVYHNYFDVSMAVSTPRGLVTPVLRDVDTLGMADIEKKIKELAVKGRDGKLTVEDLTGGNFTITNGGVFGSLMSTPIINPPQSAILGMHAIKDRPMAVNGQVEILPMMYLALSYDHRLIDGRESVGFLVTIKELLEDPTRLLLDV
1W4H,I135A,P0AFG6,I118A,24797,7,9.85,-1.63,-1.903329902,2.08306,-1.871489039,-2.535771,-2.36,-2.54,1.028,-1.62506,-1.1,-2.02,-1.8585,A,I118A,MSSVDILVPDLPESVADATVATWHKKPGDAVVRDEVLVEIETDKVVLEVPASADGILDAVLEDEGTTVTSRQILGRLREGNSAGKETSAKSEEKASTPAQRQQASLEEQNNDALSPAIRRLLAEHNLDASAIKGTGVGGRLTREDVEKHLAKAPAKESAPAAAAPAAQPALAARSEKRVPMTRLRKRVAERLLEAKNSTAMLTTFNEVNMKPIMDLRKQYGEAFEKRHGIRLGFMSFYVKAVVEALKRYPEVNASIDGDDVVYHNYFDVSMAVSTPRGLVTPVLRDVDTLGMADIEKKIKELAVKGRDGKLTVEDLTGGNFTITNGGVFGSLMSTPIINPPQSAILGMHAIKDRPMAVNGQVEILPMMYLALSYDHRLIDGRESVGFLVTIKELLEDPTRLLLDV
1W4H,T159S,P0AFG6,T142S,24809,7,9.85,-1.63,-1.413831736,0.78855,-1.327667321,-1.0352075,-0.77,-0.61,-1.174,-0.389652,-0.46,-1.4,-1.4017,A,T142S,MSSVDILVPDLPESVADATVATWHKKPGDAVVRDEVLVEIETDKVVLEVPASADGILDAVLEDEGTTVTSRQILGRLREGNSAGKETSAKSEEKASTPAQRQQASLEEQNNDALSPAIRRLLAEHNLDASAIKGTGVGGRLTREDVEKHLAKAPAKESAPAAAAPAAQPALAARSEKRVPMTRLRKRVAERLLEAKNSTAMLTTFNEVNMKPIMDLRKQYGEAFEKRHGIRLGFMSFYVKAVVEALKRYPEVNASIDGDDVVYHNYFDVSMAVSTPRGLVTPVLRDVDTLGMADIEKKIKELAVKGRDGKLTVEDLTGGNFTITNGGVFGSLMSTPIINPPQSAILGMHAIKDRPMAVNGQVEILPMMYLALSYDHRLIDGRESVGFLVTIKELLEDPTRLLLDV
1W4H,L138A,P0AFG6,L121A,24798,7,9.85,-1.67,-2.401309317,2.19131,-2.178742771,-2.5328568,-2.92,-2.61,-1.617,-1.44269,-1.03,-1.79,-2.3852,A,L121A,MSSVDILVPDLPESVADATVATWHKKPGDAVVRDEVLVEIETDKVVLEVPASADGILDAVLEDEGTTVTSRQILGRLREGNSAGKETSAKSEEKASTPAQRQQASLEEQNNDALSPAIRRLLAEHNLDASAIKGTGVGGRLTREDVEKHLAKAPAKESAPAAAAPAAQPALAARSEKRVPMTRLRKRVAERLLEAKNSTAMLTTFNEVNMKPIMDLRKQYGEAFEKRHGIRLGFMSFYVKAVVEALKRYPEVNASIDGDDVVYHNYFDVSMAVSTPRGLVTPVLRDVDTLGMADIEKKIKELAVKGRDGKLTVEDLTGGNFTITNGGVFGSLMSTPIINPPQSAILGMHAIKDRPMAVNGQVEILPMMYLALSYDHRLIDGRESVGFLVTIKELLEDPTRLLLDV
1W4H,A134G,P0AFG6,A117G,24795,7,9.85,-0.37,-1.745562079,1.02576,-1.636920156,-1.1645315,-1.52,-1.65,-1.173,-0.991374,-0.8,-0.87,-1.6584,A,A117G,MSSVDILVPDLPESVADATVATWHKKPGDAVVRDEVLVEIETDKVVLEVPASADGILDAVLEDEGTTVTSRQILGRLREGNSAGKETSAKSEEKASTPAQRQQASLEEQNNDALSPAIRRLLAEHNLDASAIKGTGVGGRLTREDVEKHLAKAPAKESAPAAAAPAAQPALAARSEKRVPMTRLRKRVAERLLEAKNSTAMLTTFNEVNMKPIMDLRKQYGEAFEKRHGIRLGFMSFYVKAVVEALKRYPEVNASIDGDDVVYHNYFDVSMAVSTPRGLVTPVLRDVDTLGMADIEKKIKELAVKGRDGKLTVEDLTGGNFTITNGGVFGSLMSTPIINPPQSAILGMHAIKDRPMAVNGQVEILPMMYLALSYDHRLIDGRESVGFLVTIKELLEDPTRLLLDV
1W4H,V163A,P0AFG6,V146A,24811,7,9.85,-2.02,-2.120626823,1.6086,-1.914523054,-1.48015,-1.68,-1.25,-3.112,-1.58091,-0.7,-2.82,-2.0066,A,V146A,MSSVDILVPDLPESVADATVATWHKKPGDAVVRDEVLVEIETDKVVLEVPASADGILDAVLEDEGTTVTSRQILGRLREGNSAGKETSAKSEEKASTPAQRQQASLEEQNNDALSPAIRRLLAEHNLDASAIKGTGVGGRLTREDVEKHLAKAPAKESAPAAAAPAAQPALAARSEKRVPMTRLRKRVAERLLEAKNSTAMLTTFNEVNMKPIMDLRKQYGEAFEKRHGIRLGFMSFYVKAVVEALKRYPEVNASIDGDDVVYHNYFDVSMAVSTPRGLVTPVLRDVDTLGMADIEKKIKELAVKGRDGKLTVEDLTGGNFTITNGGVFGSLMSTPIINPPQSAILGMHAIKDRPMAVNGQVEILPMMYLALSYDHRLIDGRESVGFLVTIKELLEDPTRLLLDV
1W4H,A148G,P0AFG6,A131G,24803,7,9.85,-0.43,-0.671568362,0.54727,-1.277884992,-1.2788068,-1.46,-1.54,-0.564,-0.671557,-0.5,-0.36,-0.7599,A,A131G,MSSVDILVPDLPESVADATVATWHKKPGDAVVRDEVLVEIETDKVVLEVPASADGILDAVLEDEGTTVTSRQILGRLREGNSAGKETSAKSEEKASTPAQRQQASLEEQNNDALSPAIRRLLAEHNLDASAIKGTGVGGRLTREDVEKHLAKAPAKESAPAAAAPAAQPALAARSEKRVPMTRLRKRVAERLLEAKNSTAMLTTFNEVNMKPIMDLRKQYGEAFEKRHGIRLGFMSFYVKAVVEALKRYPEVNASIDGDDVVYHNYFDVSMAVSTPRGLVTPVLRDVDTLGMADIEKKIKELAVKGRDGKLTVEDLTGGNFTITNGGVFGSLMSTPIINPPQSAILGMHAIKDRPMAVNGQVEILPMMYLALSYDHRLIDGRESVGFLVTIKELLEDPTRLLLDV
1W4H,H166A,P0AFG6,H149A,24812,7,9.85,0.06,-0.833052638,-0.13833,-1.361985718,-0.61792822,-0.34,-0.93,-1.151,0.491655,0.47,-0.88,-0.6416,A,H149A,MSSVDILVPDLPESVADATVATWHKKPGDAVVRDEVLVEIETDKVVLEVPASADGILDAVLEDEGTTVTSRQILGRLREGNSAGKETSAKSEEKASTPAQRQQASLEEQNNDALSPAIRRLLAEHNLDASAIKGTGVGGRLTREDVEKHLAKAPAKESAPAAAAPAAQPALAARSEKRVPMTRLRKRVAERLLEAKNSTAMLTTFNEVNMKPIMDLRKQYGEAFEKRHGIRLGFMSFYVKAVVEALKRYPEVNASIDGDDVVYHNYFDVSMAVSTPRGLVTPVLRDVDTLGMADIEKKIKELAVKGRDGKLTVEDLTGGNFTITNGGVFGSLMSTPIINPPQSAILGMHAIKDRPMAVNGQVEILPMMYLALSYDHRLIDGRESVGFLVTIKELLEDPTRLLLDV
1W4H,T152S,P0AFG6,T135S,24805,7,9.85,-0.29,-0.318547728,-0.01948,-0.065561226,-0.53421213,-1,-0.17,-0.107,-0.0665208,-0.24,0.06,-0.2268,A,T135S,MSSVDILVPDLPESVADATVATWHKKPGDAVVRDEVLVEIETDKVVLEVPASADGILDAVLEDEGTTVTSRQILGRLREGNSAGKETSAKSEEKASTPAQRQQASLEEQNNDALSPAIRRLLAEHNLDASAIKGTGVGGRLTREDVEKHLAKAPAKESAPAAAAPAAQPALAARSEKRVPMTRLRKRVAERLLEAKNSTAMLTTFNEVNMKPIMDLRKQYGEAFEKRHGIRLGFMSFYVKAVVEALKRYPEVNASIDGDDVVYHNYFDVSMAVSTPRGLVTPVLRDVDTLGMADIEKKIKELAVKGRDGKLTVEDLTGGNFTITNGGVFGSLMSTPIINPPQSAILGMHAIKDRPMAVNGQVEILPMMYLALSYDHRLIDGRESVGFLVTIKELLEDPTRLLLDV
1W4H,I149V,P0AFG6,I132V,24804,7,9.85,-0.75,-0.683175416,1.24405,-0.782061261,-1.5061454,-0.74,-0.56,0.968,-0.795821,-0.54,-1.24,-0.6981,A,I132V,MSSVDILVPDLPESVADATVATWHKKPGDAVVRDEVLVEIETDKVVLEVPASADGILDAVLEDEGTTVTSRQILGRLREGNSAGKETSAKSEEKASTPAQRQQASLEEQNNDALSPAIRRLLAEHNLDASAIKGTGVGGRLTREDVEKHLAKAPAKESAPAAAAPAAQPALAARSEKRVPMTRLRKRVAERLLEAKNSTAMLTTFNEVNMKPIMDLRKQYGEAFEKRHGIRLGFMSFYVKAVVEALKRYPEVNASIDGDDVVYHNYFDVSMAVSTPRGLVTPVLRDVDTLGMADIEKKIKELAVKGRDGKLTVEDLTGGNFTITNGGVFGSLMSTPIINPPQSAILGMHAIKDRPMAVNGQVEILPMMYLALSYDHRLIDGRESVGFLVTIKELLEDPTRLLLDV
1W4H,V154G,P0AFG6,V137G,24807,7,9.85,-0.84,-0.877999797,-0.72119,-0.930311092,-1.6663326,-3.14,-1.31,-2.61,0.0517134,-0.1,-0.86,-0.4386,A,V137G,MSSVDILVPDLPESVADATVATWHKKPGDAVVRDEVLVEIETDKVVLEVPASADGILDAVLEDEGTTVTSRQILGRLREGNSAGKETSAKSEEKASTPAQRQQASLEEQNNDALSPAIRRLLAEHNLDASAIKGTGVGGRLTREDVEKHLAKAPAKESAPAAAAPAAQPALAARSEKRVPMTRLRKRVAERLLEAKNSTAMLTTFNEVNMKPIMDLRKQYGEAFEKRHGIRLGFMSFYVKAVVEALKRYPEVNASIDGDDVVYHNYFDVSMAVSTPRGLVTPVLRDVDTLGMADIEKKIKELAVKGRDGKLTVEDLTGGNFTITNGGVFGSLMSTPIINPPQSAILGMHAIKDRPMAVNGQVEILPMMYLALSYDHRLIDGRESVGFLVTIKELLEDPTRLLLDV
1W4H,P133A,P0AFG6,P116A,24794,7,9.85,0.38,0.103402767,-0.39785,-1.034428632,-0.39108303,-1.28,-0.92,0.534,-0.716137,0,-0.51,0.3363,A,P116A,MSSVDILVPDLPESVADATVATWHKKPGDAVVRDEVLVEIETDKVVLEVPASADGILDAVLEDEGTTVTSRQILGRLREGNSAGKETSAKSEEKASTPAQRQQASLEEQNNDALSPAIRRLLAEHNLDASAIKGTGVGGRLTREDVEKHLAKAPAKESAPAAAAPAAQPALAARSEKRVPMTRLRKRVAERLLEAKNSTAMLTTFNEVNMKPIMDLRKQYGEAFEKRHGIRLGFMSFYVKAVVEALKRYPEVNASIDGDDVVYHNYFDVSMAVSTPRGLVTPVLRDVDTLGMADIEKKIKELAVKGRDGKLTVEDLTGGNFTITNGGVFGSLMSTPIINPPQSAILGMHAIKDRPMAVNGQVEILPMMYLALSYDHRLIDGRESVGFLVTIKELLEDPTRLLLDV
1W4H,H166G,P0AFG6,H149G,24813,7,9.85,-1.58,-1.963023196,0.8688,-2.89443069,-0.89650117,-0.53,-1.24,-3.173,-1.01243,-0.52,-2,-1.9467,A,H149G,MSSVDILVPDLPESVADATVATWHKKPGDAVVRDEVLVEIETDKVVLEVPASADGILDAVLEDEGTTVTSRQILGRLREGNSAGKETSAKSEEKASTPAQRQQASLEEQNNDALSPAIRRLLAEHNLDASAIKGTGVGGRLTREDVEKHLAKAPAKESAPAAAAPAAQPALAARSEKRVPMTRLRKRVAERLLEAKNSTAMLTTFNEVNMKPIMDLRKQYGEAFEKRHGIRLGFMSFYVKAVVEALKRYPEVNASIDGDDVVYHNYFDVSMAVSTPRGLVTPVLRDVDTLGMADIEKKIKELAVKGRDGKLTVEDLTGGNFTITNGGVFGSLMSTPIINPPQSAILGMHAIKDRPMAVNGQVEILPMMYLALSYDHRLIDGRESVGFLVTIKELLEDPTRLLLDV
1W4H,S132G,P0AFG6,S115G,24793,7,9.85,-0.47,-0.89091584,1.27982,-1.069328586,-1.2468198,-0.71,-1.41,-1.778,-0.518897,-0.45,-1.03,-0.9187,A,S115G,MSSVDILVPDLPESVADATVATWHKKPGDAVVRDEVLVEIETDKVVLEVPASADGILDAVLEDEGTTVTSRQILGRLREGNSAGKETSAKSEEKASTPAQRQQASLEEQNNDALSPAIRRLLAEHNLDASAIKGTGVGGRLTREDVEKHLAKAPAKESAPAAAAPAAQPALAARSEKRVPMTRLRKRVAERLLEAKNSTAMLTTFNEVNMKPIMDLRKQYGEAFEKRHGIRLGFMSFYVKAVVEALKRYPEVNASIDGDDVVYHNYFDVSMAVSTPRGLVTPVLRDVDTLGMADIEKKIKELAVKGRDGKLTVEDLTGGNFTITNGGVFGSLMSTPIINPPQSAILGMHAIKDRPMAVNGQVEILPMMYLALSYDHRLIDGRESVGFLVTIKELLEDPTRLLLDV
1W4H,L139A,P0AFG6,L122A,24799,7,9.85,-3.5,-2.022067346,2.34368,-1.654541922,-2.2554421,-2.67,-2.74,-3.369,-2.46109,-1.71,-2.8,-2.1392,A,L122A,MSSVDILVPDLPESVADATVATWHKKPGDAVVRDEVLVEIETDKVVLEVPASADGILDAVLEDEGTTVTSRQILGRLREGNSAGKETSAKSEEKASTPAQRQQASLEEQNNDALSPAIRRLLAEHNLDASAIKGTGVGGRLTREDVEKHLAKAPAKESAPAAAAPAAQPALAARSEKRVPMTRLRKRVAERLLEAKNSTAMLTTFNEVNMKPIMDLRKQYGEAFEKRHGIRLGFMSFYVKAVVEALKRYPEVNASIDGDDVVYHNYFDVSMAVSTPRGLVTPVLRDVDTLGMADIEKKIKELAVKGRDGKLTVEDLTGGNFTITNGGVFGSLMSTPIINPPQSAILGMHAIKDRPMAVNGQVEILPMMYLALSYDHRLIDGRESVGFLVTIKELLEDPTRLLLDV
1W4H,L131A,P0AFG6,L114A,24792,7,9.85,-0.94,-1.853663148,2.16337,-1.852470123,-2.4336462,-2.88,-2.64,-1.271,-1.84771,-1.41,-1,-1.5701,A,L114A,MSSVDILVPDLPESVADATVATWHKKPGDAVVRDEVLVEIETDKVVLEVPASADGILDAVLEDEGTTVTSRQILGRLREGNSAGKETSAKSEEKASTPAQRQQASLEEQNNDALSPAIRRLLAEHNLDASAIKGTGVGGRLTREDVEKHLAKAPAKESAPAAAAPAAQPALAARSEKRVPMTRLRKRVAERLLEAKNSTAMLTTFNEVNMKPIMDLRKQYGEAFEKRHGIRLGFMSFYVKAVVEALKRYPEVNASIDGDDVVYHNYFDVSMAVSTPRGLVTPVLRDVDTLGMADIEKKIKELAVKGRDGKLTVEDLTGGNFTITNGGVFGSLMSTPIINPPQSAILGMHAIKDRPMAVNGQVEILPMMYLALSYDHRLIDGRESVGFLVTIKELLEDPTRLLLDV
1W4H,L144A,P0AFG6,L127A,24801,7,9.85,-1.9,-2.502347043,2.37593,-2.309912517,-2.7973457,-3.26,-2.33,-2.35,-2.13152,-1.53,-2.57,-2.4673,A,L127A,MSSVDILVPDLPESVADATVATWHKKPGDAVVRDEVLVEIETDKVVLEVPASADGILDAVLEDEGTTVTSRQILGRLREGNSAGKETSAKSEEKASTPAQRQQASLEEQNNDALSPAIRRLLAEHNLDASAIKGTGVGGRLTREDVEKHLAKAPAKESAPAAAAPAAQPALAARSEKRVPMTRLRKRVAERLLEAKNSTAMLTTFNEVNMKPIMDLRKQYGEAFEKRHGIRLGFMSFYVKAVVEALKRYPEVNASIDGDDVVYHNYFDVSMAVSTPRGLVTPVLRDVDTLGMADIEKKIKELAVKGRDGKLTVEDLTGGNFTITNGGVFGSLMSTPIINPPQSAILGMHAIKDRPMAVNGQVEILPMMYLALSYDHRLIDGRESVGFLVTIKELLEDPTRLLLDV
1W4H,T152A,P0AFG6,T135A,24806,7,9.85,-1.36,-0.907118994,0.36025,-1.401822687,-0.80820215,-1.57,-0.72,-1.638,-0.574975,-0.19,-0.31,-0.7792,A,T135A,MSSVDILVPDLPESVADATVATWHKKPGDAVVRDEVLVEIETDKVVLEVPASADGILDAVLEDEGTTVTSRQILGRLREGNSAGKETSAKSEEKASTPAQRQQASLEEQNNDALSPAIRRLLAEHNLDASAIKGTGVGGRLTREDVEKHLAKAPAKESAPAAAAPAAQPALAARSEKRVPMTRLRKRVAERLLEAKNSTAMLTTFNEVNMKPIMDLRKQYGEAFEKRHGIRLGFMSFYVKAVVEALKRYPEVNASIDGDDVVYHNYFDVSMAVSTPRGLVTPVLRDVDTLGMADIEKKIKELAVKGRDGKLTVEDLTGGNFTITNGGVFGSLMSTPIINPPQSAILGMHAIKDRPMAVNGQVEILPMMYLALSYDHRLIDGRESVGFLVTIKELLEDPTRLLLDV
1W4H,L167A,P0AFG6,L150A,24814,7,9.85,-0.57,-2.010495148,2.41863,-2.197070587,-2.0164885,-2.9,-2.17,-1.594,-2.15331,-1.41,-1.5,-1.5961,A,L150A,MSSVDILVPDLPESVADATVATWHKKPGDAVVRDEVLVEIETDKVVLEVPASADGILDAVLEDEGTTVTSRQILGRLREGNSAGKETSAKSEEKASTPAQRQQASLEEQNNDALSPAIRRLLAEHNLDASAIKGTGVGGRLTREDVEKHLAKAPAKESAPAAAAPAAQPALAARSEKRVPMTRLRKRVAERLLEAKNSTAMLTTFNEVNMKPIMDLRKQYGEAFEKRHGIRLGFMSFYVKAVVEALKRYPEVNASIDGDDVVYHNYFDVSMAVSTPRGLVTPVLRDVDTLGMADIEKKIKELAVKGRDGKLTVEDLTGGNFTITNGGVFGSLMSTPIINPPQSAILGMHAIKDRPMAVNGQVEILPMMYLALSYDHRLIDGRESVGFLVTIKELLEDPTRLLLDV
1W4H,A168G,P0AFG6,A151G,24815,7,9.85,-0.07,-0.270825046,0.47442,-1.098785453,-1.4977844,-1.57,-1.08,-0.656,-0.25541,-0.48,-0.6,-0.299,A,A151G,MSSVDILVPDLPESVADATVATWHKKPGDAVVRDEVLVEIETDKVVLEVPASADGILDAVLEDEGTTVTSRQILGRLREGNSAGKETSAKSEEKASTPAQRQQASLEEQNNDALSPAIRRLLAEHNLDASAIKGTGVGGRLTREDVEKHLAKAPAKESAPAAAAPAAQPALAARSEKRVPMTRLRKRVAERLLEAKNSTAMLTTFNEVNMKPIMDLRKQYGEAFEKRHGIRLGFMSFYVKAVVEALKRYPEVNASIDGDDVVYHNYFDVSMAVSTPRGLVTPVLRDVDTLGMADIEKKIKELAVKGRDGKLTVEDLTGGNFTITNGGVFGSLMSTPIINPPQSAILGMHAIKDRPMAVNGQVEILPMMYLALSYDHRLIDGRESVGFLVTIKELLEDPTRLLLDV
1W3D,D162N,P11961,D162N,18484,5.5,51.85,-2,-0.098344565,0.27881,-0.802063946,-0.93324501,-0.89,-0.8,-0.174,-1.15798,0.27,-0.84,0.0416,A,D162N,MAFEFKLPDIGEGIHEGEIVKWFVKPGDEVNEDDVLCEVQNDKAVVEIPSPVKGKVLEILVPEGTVATVGQTLITLDAPGYENMTFKGQEQEEAKKEEKTETVSKEEKVDAVAPNAPAAEAEAGPNRRVIAMPSVRKYAREKGVDIRLVQGTGKNGRVLKEDIDAFLAGGAKPAPAAAEEKAAPAAAKPATTEGEFPETREKMSGIRRAIAKAMVHSKHTAPHVTLMDEADVTKLVAHRKKFKAIAAEKGIKLTFLPYVVKALVSALREYPVLNTSIDDETEEIIQKHYYNIGIAADTDRGLLVPVIKHADRKPIFALAQEINELAEKARDGKLTPGEMKGASCTITNIGSAGGQWFTPVINHPEVAILGIGRIAEKPIVRDGEIVAAPMLALSLSFDHRMIDGATAQKALNHIKRLLSDPELLLMEA
1W3D,D164G,P11961,D164G,18488,5.5,51.85,-3.7,-0.996800782,0.96626,-1.068076609,-1.5582598,-0.94,-0.49,-0.636,-1.08416,-0.57,-0.66,-0.8863,A,D164G,MAFEFKLPDIGEGIHEGEIVKWFVKPGDEVNEDDVLCEVQNDKAVVEIPSPVKGKVLEILVPEGTVATVGQTLITLDAPGYENMTFKGQEQEEAKKEEKTETVSKEEKVDAVAPNAPAAEAEAGPNRRVIAMPSVRKYAREKGVDIRLVQGTGKNGRVLKEDIDAFLAGGAKPAPAAAEEKAAPAAAKPATTEGEFPETREKMSGIRRAIAKAMVHSKHTAPHVTLMDEADVTKLVAHRKKFKAIAAEKGIKLTFLPYVVKALVSALREYPVLNTSIDDETEEIIQKHYYNIGIAADTDRGLLVPVIKHADRKPIFALAQEINELAEKARDGKLTPGEMKGASCTITNIGSAGGQWFTPVINHPEVAILGIGRIAEKPIVRDGEIVAAPMLALSLSFDHRMIDGATAQKALNHIKRLLSDPELLLMEA
1W3D,E141Q,P11961,E141Q,18471,5.5,51.85,-0.4,-0.113198828,-0.18766,-0.06078264,-1.1007264,-0.39,-0.64,1.252,-0.151014,-0.43,-0.04,-0.2888,A,E141Q,MAFEFKLPDIGEGIHEGEIVKWFVKPGDEVNEDDVLCEVQNDKAVVEIPSPVKGKVLEILVPEGTVATVGQTLITLDAPGYENMTFKGQEQEEAKKEEKTETVSKEEKVDAVAPNAPAAEAEAGPNRRVIAMPSVRKYAREKGVDIRLVQGTGKNGRVLKEDIDAFLAGGAKPAPAAAEEKAAPAAAKPATTEGEFPETREKMSGIRRAIAKAMVHSKHTAPHVTLMDEADVTKLVAHRKKFKAIAAEKGIKLTFLPYVVKALVSALREYPVLNTSIDDETEEIIQKHYYNIGIAADTDRGLLVPVIKHADRKPIFALAQEINELAEKARDGKLTPGEMKGASCTITNIGSAGGQWFTPVINHPEVAILGIGRIAEKPIVRDGEIVAAPMLALSLSFDHRMIDGATAQKALNHIKRLLSDPELLLMEA
1W3D,D164N,P11961,D164N,18486,5.5,51.85,-1.9,-0.245765226,0.13652,-0.39686623,-0.8564109,-0.81,-0.27,0.774,-0.310192,0.04,-0.15,-0.3064,A,D164N,MAFEFKLPDIGEGIHEGEIVKWFVKPGDEVNEDDVLCEVQNDKAVVEIPSPVKGKVLEILVPEGTVATVGQTLITLDAPGYENMTFKGQEQEEAKKEEKTETVSKEEKVDAVAPNAPAAEAEAGPNRRVIAMPSVRKYAREKGVDIRLVQGTGKNGRVLKEDIDAFLAGGAKPAPAAAEEKAAPAAAKPATTEGEFPETREKMSGIRRAIAKAMVHSKHTAPHVTLMDEADVTKLVAHRKKFKAIAAEKGIKLTFLPYVVKALVSALREYPVLNTSIDDETEEIIQKHYYNIGIAADTDRGLLVPVIKHADRKPIFALAQEINELAEKARDGKLTPGEMKGASCTITNIGSAGGQWFTPVINHPEVAILGIGRIAEKPIVRDGEIVAAPMLALSLSFDHRMIDGATAQKALNHIKRLLSDPELLLMEA
1W3D,E141A,P11961,E141A,18472,5.5,51.85,-0.7,-0.198140627,0.23728,-0.455691267,-1.6889679,-0.34,-0.43,0.139,-0.0514969,-0.79,-0.11,-0.2981,A,E141A,MAFEFKLPDIGEGIHEGEIVKWFVKPGDEVNEDDVLCEVQNDKAVVEIPSPVKGKVLEILVPEGTVATVGQTLITLDAPGYENMTFKGQEQEEAKKEEKTETVSKEEKVDAVAPNAPAAEAEAGPNRRVIAMPSVRKYAREKGVDIRLVQGTGKNGRVLKEDIDAFLAGGAKPAPAAAEEKAAPAAAKPATTEGEFPETREKMSGIRRAIAKAMVHSKHTAPHVTLMDEADVTKLVAHRKKFKAIAAEKGIKLTFLPYVVKALVSALREYPVLNTSIDDETEEIIQKHYYNIGIAADTDRGLLVPVIKHADRKPIFALAQEINELAEKARDGKLTPGEMKGASCTITNIGSAGGQWFTPVINHPEVAILGIGRIAEKPIVRDGEIVAAPMLALSLSFDHRMIDGATAQKALNHIKRLLSDPELLLMEA
1W3D,V149G,P11961,V149G,18479,5.5,51.85,-4.1,-3.760961858,2.98671,-2.987373451,-2.4034235,-2.62,-3.04,-3.173,-0.458085,-1.8,-1.48,-3.53,A,V149G,MAFEFKLPDIGEGIHEGEIVKWFVKPGDEVNEDDVLCEVQNDKAVVEIPSPVKGKVLEILVPEGTVATVGQTLITLDAPGYENMTFKGQEQEEAKKEEKTETVSKEEKVDAVAPNAPAAEAEAGPNRRVIAMPSVRKYAREKGVDIRLVQGTGKNGRVLKEDIDAFLAGGAKPAPAAAEEKAAPAAAKPATTEGEFPETREKMSGIRRAIAKAMVHSKHTAPHVTLMDEADVTKLVAHRKKFKAIAAEKGIKLTFLPYVVKALVSALREYPVLNTSIDDETEEIIQKHYYNIGIAADTDRGLLVPVIKHADRKPIFALAQEINELAEKARDGKLTPGEMKGASCTITNIGSAGGQWFTPVINHPEVAILGIGRIAEKPIVRDGEIVAAPMLALSLSFDHRMIDGATAQKALNHIKRLLSDPELLLMEA
1W3D,V129G,P11961,V129G,18463,5.5,51.85,-1,-3.179292978,2.56545,-3.566123574,-2.4045491,-2.33,-2.27,-2.34,-2.17652,-1.29,-1.59,-3.0272,A,V129G,MAFEFKLPDIGEGIHEGEIVKWFVKPGDEVNEDDVLCEVQNDKAVVEIPSPVKGKVLEILVPEGTVATVGQTLITLDAPGYENMTFKGQEQEEAKKEEKTETVSKEEKVDAVAPNAPAAEAEAGPNRRVIAMPSVRKYAREKGVDIRLVQGTGKNGRVLKEDIDAFLAGGAKPAPAAAEEKAAPAAAKPATTEGEFPETREKMSGIRRAIAKAMVHSKHTAPHVTLMDEADVTKLVAHRKKFKAIAAEKGIKLTFLPYVVKALVSALREYPVLNTSIDDETEEIIQKHYYNIGIAADTDRGLLVPVIKHADRKPIFALAQEINELAEKARDGKLTPGEMKGASCTITNIGSAGGQWFTPVINHPEVAILGIGRIAEKPIVRDGEIVAAPMLALSLSFDHRMIDGATAQKALNHIKRLLSDPELLLMEA
1W3D,V129A,P11961,V129A,18462,5.5,51.85,-0.7,-1.959430724,1.25275,-1.87052673,-1.6366057,-1.03,-1.42,-1.187,-1.31478,-0.73,-1.73,-1.6099,A,V129A,MAFEFKLPDIGEGIHEGEIVKWFVKPGDEVNEDDVLCEVQNDKAVVEIPSPVKGKVLEILVPEGTVATVGQTLITLDAPGYENMTFKGQEQEEAKKEEKTETVSKEEKVDAVAPNAPAAEAEAGPNRRVIAMPSVRKYAREKGVDIRLVQGTGKNGRVLKEDIDAFLAGGAKPAPAAAEEKAAPAAAKPATTEGEFPETREKMSGIRRAIAKAMVHSKHTAPHVTLMDEADVTKLVAHRKKFKAIAAEKGIKLTFLPYVVKALVSALREYPVLNTSIDDETEEIIQKHYYNIGIAADTDRGLLVPVIKHADRKPIFALAQEINELAEKARDGKLTPGEMKGASCTITNIGSAGGQWFTPVINHPEVAILGIGRIAEKPIVRDGEIVAAPMLALSLSFDHRMIDGATAQKALNHIKRLLSDPELLLMEA
1W3D,Y138F,P11961,Y138F,18469,5.5,51.85,-2,0.00107636,0.86534,0.062448287,-0.22444721,-0.12,-0.51,0.257,-0.951321,-0.26,-0.79,0.0643,A,Y138F,MAFEFKLPDIGEGIHEGEIVKWFVKPGDEVNEDDVLCEVQNDKAVVEIPSPVKGKVLEILVPEGTVATVGQTLITLDAPGYENMTFKGQEQEEAKKEEKTETVSKEEKVDAVAPNAPAAEAEAGPNRRVIAMPSVRKYAREKGVDIRLVQGTGKNGRVLKEDIDAFLAGGAKPAPAAAEEKAAPAAAKPATTEGEFPETREKMSGIRRAIAKAMVHSKHTAPHVTLMDEADVTKLVAHRKKFKAIAAEKGIKLTFLPYVVKALVSALREYPVLNTSIDDETEEIIQKHYYNIGIAADTDRGLLVPVIKHADRKPIFALAQEINELAEKARDGKLTPGEMKGASCTITNIGSAGGQWFTPVINHPEVAILGIGRIAEKPIVRDGEIVAAPMLALSLSFDHRMIDGATAQKALNHIKRLLSDPELLLMEA
1W3D,V135A,P11961,V135A,18468,5.5,51.85,-1.5,-2.119392934,1.17391,-1.46119081,-1.9776417,-1.55,-1.72,1.239,-1.56785,-0.73,-2.57,-1.9867,A,V135A,MAFEFKLPDIGEGIHEGEIVKWFVKPGDEVNEDDVLCEVQNDKAVVEIPSPVKGKVLEILVPEGTVATVGQTLITLDAPGYENMTFKGQEQEEAKKEEKTETVSKEEKVDAVAPNAPAAEAEAGPNRRVIAMPSVRKYAREKGVDIRLVQGTGKNGRVLKEDIDAFLAGGAKPAPAAAEEKAAPAAAKPATTEGEFPETREKMSGIRRAIAKAMVHSKHTAPHVTLMDEADVTKLVAHRKKFKAIAAEKGIKLTFLPYVVKALVSALREYPVLNTSIDDETEEIIQKHYYNIGIAADTDRGLLVPVIKHADRKPIFALAQEINELAEKARDGKLTPGEMKGASCTITNIGSAGGQWFTPVINHPEVAILGIGRIAEKPIVRDGEIVAAPMLALSLSFDHRMIDGATAQKALNHIKRLLSDPELLLMEA
1W3D,D145N,P11961,D145N,18474,5.5,51.85,-0.9,-0.597977864,0.21174,-0.083350946,-0.57486142,-0.95,-0.96,-0.495,-0.900891,-0.03,-0.18,-0.4144,A,D145N,MAFEFKLPDIGEGIHEGEIVKWFVKPGDEVNEDDVLCEVQNDKAVVEIPSPVKGKVLEILVPEGTVATVGQTLITLDAPGYENMTFKGQEQEEAKKEEKTETVSKEEKVDAVAPNAPAAEAEAGPNRRVIAMPSVRKYAREKGVDIRLVQGTGKNGRVLKEDIDAFLAGGAKPAPAAAEEKAAPAAAKPATTEGEFPETREKMSGIRRAIAKAMVHSKHTAPHVTLMDEADVTKLVAHRKKFKAIAAEKGIKLTFLPYVVKALVSALREYPVLNTSIDDETEEIIQKHYYNIGIAADTDRGLLVPVIKHADRKPIFALAQEINELAEKARDGKLTPGEMKGASCTITNIGSAGGQWFTPVINHPEVAILGIGRIAEKPIVRDGEIVAAPMLALSLSFDHRMIDGATAQKALNHIKRLLSDPELLLMEA
1W3D,L167A,P11961,L167A,18491,5.5,51.85,-1.2,-1.027580079,0.95348,-1.328515585,-2.0580293,-2.5,-1.16,-2.169,-1.03634,-1.31,-0.8,-1.0835,A,L167A,MAFEFKLPDIGEGIHEGEIVKWFVKPGDEVNEDDVLCEVQNDKAVVEIPSPVKGKVLEILVPEGTVATVGQTLITLDAPGYENMTFKGQEQEEAKKEEKTETVSKEEKVDAVAPNAPAAEAEAGPNRRVIAMPSVRKYAREKGVDIRLVQGTGKNGRVLKEDIDAFLAGGAKPAPAAAEEKAAPAAAKPATTEGEFPETREKMSGIRRAIAKAMVHSKHTAPHVTLMDEADVTKLVAHRKKFKAIAAEKGIKLTFLPYVVKALVSALREYPVLNTSIDDETEEIIQKHYYNIGIAADTDRGLLVPVIKHADRKPIFALAQEINELAEKARDGKLTPGEMKGASCTITNIGSAGGQWFTPVINHPEVAILGIGRIAEKPIVRDGEIVAAPMLALSLSFDHRMIDGATAQKALNHIKRLLSDPELLLMEA
1W3D,D164A,P11961,D164A,18487,5.5,51.85,-2.3,0.14385902,-0.56008,-0.221372134,-1.0370027,-0.68,-0.11,0.872,-0.450764,0.47,0.27,-0.075,A,D164A,MAFEFKLPDIGEGIHEGEIVKWFVKPGDEVNEDDVLCEVQNDKAVVEIPSPVKGKVLEILVPEGTVATVGQTLITLDAPGYENMTFKGQEQEEAKKEEKTETVSKEEKVDAVAPNAPAAEAEAGPNRRVIAMPSVRKYAREKGVDIRLVQGTGKNGRVLKEDIDAFLAGGAKPAPAAAEEKAAPAAAKPATTEGEFPETREKMSGIRRAIAKAMVHSKHTAPHVTLMDEADVTKLVAHRKKFKAIAAEKGIKLTFLPYVVKALVSALREYPVLNTSIDDETEEIIQKHYYNIGIAADTDRGLLVPVIKHADRKPIFALAQEINELAEKARDGKLTPGEMKGASCTITNIGSAGGQWFTPVINHPEVAILGIGRIAEKPIVRDGEIVAAPMLALSLSFDHRMIDGATAQKALNHIKRLLSDPELLLMEA
1W3D,L159V,P11961,L159V,18481,5.5,51.85,-0.6,-0.902577524,0.52777,-0.486383512,-1.3112438,-1.66,-0.72,-0.407,-0.0910129,-0.41,-0.06,-0.8818,A,L159V,MAFEFKLPDIGEGIHEGEIVKWFVKPGDEVNEDDVLCEVQNDKAVVEIPSPVKGKVLEILVPEGTVATVGQTLITLDAPGYENMTFKGQEQEEAKKEEKTETVSKEEKVDAVAPNAPAAEAEAGPNRRVIAMPSVRKYAREKGVDIRLVQGTGKNGRVLKEDIDAFLAGGAKPAPAAAEEKAAPAAAKPATTEGEFPETREKMSGIRRAIAKAMVHSKHTAPHVTLMDEADVTKLVAHRKKFKAIAAEKGIKLTFLPYVVKALVSALREYPVLNTSIDDETEEIIQKHYYNIGIAADTDRGLLVPVIKHADRKPIFALAQEINELAEKARDGKLTPGEMKGASCTITNIGSAGGQWFTPVINHPEVAILGIGRIAEKPIVRDGEIVAAPMLALSLSFDHRMIDGATAQKALNHIKRLLSDPELLLMEA
1W3D,L159A,P11961,L159A,18482,5.5,51.85,-2,-2.299732888,1.2417,-1.961768546,-2.311891,-3,-1.81,-2.092,-0.109818,-1.01,-1.07,-2.0974,A,L159A,MAFEFKLPDIGEGIHEGEIVKWFVKPGDEVNEDDVLCEVQNDKAVVEIPSPVKGKVLEILVPEGTVATVGQTLITLDAPGYENMTFKGQEQEEAKKEEKTETVSKEEKVDAVAPNAPAAEAEAGPNRRVIAMPSVRKYAREKGVDIRLVQGTGKNGRVLKEDIDAFLAGGAKPAPAAAEEKAAPAAAKPATTEGEFPETREKMSGIRRAIAKAMVHSKHTAPHVTLMDEADVTKLVAHRKKFKAIAAEKGIKLTFLPYVVKALVSALREYPVLNTSIDDETEEIIQKHYYNIGIAADTDRGLLVPVIKHADRKPIFALAQEINELAEKARDGKLTPGEMKGASCTITNIGSAGGQWFTPVINHPEVAILGIGRIAEKPIVRDGEIVAAPMLALSLSFDHRMIDGATAQKALNHIKRLLSDPELLLMEA
1W3D,L159G,P11961,L159G,18483,5.5,51.85,-1.9,-3.299213763,1.16225,-2.181749818,-2.5248141,-3.51,-2.41,-2.288,-0.477337,-1.73,-1.33,-3.2485,A,L159G,MAFEFKLPDIGEGIHEGEIVKWFVKPGDEVNEDDVLCEVQNDKAVVEIPSPVKGKVLEILVPEGTVATVGQTLITLDAPGYENMTFKGQEQEEAKKEEKTETVSKEEKVDAVAPNAPAAEAEAGPNRRVIAMPSVRKYAREKGVDIRLVQGTGKNGRVLKEDIDAFLAGGAKPAPAAAEEKAAPAAAKPATTEGEFPETREKMSGIRRAIAKAMVHSKHTAPHVTLMDEADVTKLVAHRKKFKAIAAEKGIKLTFLPYVVKALVSALREYPVLNTSIDDETEEIIQKHYYNIGIAADTDRGLLVPVIKHADRKPIFALAQEINELAEKARDGKLTPGEMKGASCTITNIGSAGGQWFTPVINHPEVAILGIGRIAEKPIVRDGEIVAAPMLALSLSFDHRMIDGATAQKALNHIKRLLSDPELLLMEA
1W3D,I163V,P11961,I163V,18485,5.5,51.85,-0.5,-0.82921276,1.26986,-0.648774871,-0.90552026,-0.43,-0.78,-0.705,-0.465721,-0.49,-1.2,-0.8599,A,I163V,MAFEFKLPDIGEGIHEGEIVKWFVKPGDEVNEDDVLCEVQNDKAVVEIPSPVKGKVLEILVPEGTVATVGQTLITLDAPGYENMTFKGQEQEEAKKEEKTETVSKEEKVDAVAPNAPAAEAEAGPNRRVIAMPSVRKYAREKGVDIRLVQGTGKNGRVLKEDIDAFLAGGAKPAPAAAEEKAAPAAAKPATTEGEFPETREKMSGIRRAIAKAMVHSKHTAPHVTLMDEADVTKLVAHRKKFKAIAAEKGIKLTFLPYVVKALVSALREYPVLNTSIDDETEEIIQKHYYNIGIAADTDRGLLVPVIKHADRKPIFALAQEINELAEKARDGKLTPGEMKGASCTITNIGSAGGQWFTPVINHPEVAILGIGRIAEKPIVRDGEIVAAPMLALSLSFDHRMIDGATAQKALNHIKRLLSDPELLLMEA
1W3D,V158A,P11961,V158A,18480,5.5,51.85,-3.2,-2.592426926,2.94526,-2.571584204,-1.6334193,-1.57,-1.81,-3.071,-1.12235,-1.16,-2.29,-2.3375,A,V158A,MAFEFKLPDIGEGIHEGEIVKWFVKPGDEVNEDDVLCEVQNDKAVVEIPSPVKGKVLEILVPEGTVATVGQTLITLDAPGYENMTFKGQEQEEAKKEEKTETVSKEEKVDAVAPNAPAAEAEAGPNRRVIAMPSVRKYAREKGVDIRLVQGTGKNGRVLKEDIDAFLAGGAKPAPAAAEEKAAPAAAKPATTEGEFPETREKMSGIRRAIAKAMVHSKHTAPHVTLMDEADVTKLVAHRKKFKAIAAEKGIKLTFLPYVVKALVSALREYPVLNTSIDDETEEIIQKHYYNIGIAADTDRGLLVPVIKHADRKPIFALAQEINELAEKARDGKLTPGEMKGASCTITNIGSAGGQWFTPVINHPEVAILGIGRIAEKPIVRDGEIVAAPMLALSLSFDHRMIDGATAQKALNHIKRLLSDPELLLMEA
1W3D,I130V,P11961,I130V,18464,5.5,51.85,-0.2,-1.075833988,-0.31512,-1.316944851,-0.51851421,-0.82,-0.11,0.519,-0.261149,-0.12,-0.19,-0.7758,A,I130V,MAFEFKLPDIGEGIHEGEIVKWFVKPGDEVNEDDVLCEVQNDKAVVEIPSPVKGKVLEILVPEGTVATVGQTLITLDAPGYENMTFKGQEQEEAKKEEKTETVSKEEKVDAVAPNAPAAEAEAGPNRRVIAMPSVRKYAREKGVDIRLVQGTGKNGRVLKEDIDAFLAGGAKPAPAAAEEKAAPAAAKPATTEGEFPETREKMSGIRRAIAKAMVHSKHTAPHVTLMDEADVTKLVAHRKKFKAIAAEKGIKLTFLPYVVKALVSALREYPVLNTSIDDETEEIIQKHYYNIGIAADTDRGLLVPVIKHADRKPIFALAQEINELAEKARDGKLTPGEMKGASCTITNIGSAGGQWFTPVINHPEVAILGIGRIAEKPIVRDGEIVAAPMLALSLSFDHRMIDGATAQKALNHIKRLLSDPELLLMEA
1W3D,V144A,P11961,V144A,18473,5.5,51.85,-2,-2.082871113,2.23887,-1.901651096,-1.0595276,-1.85,-1.24,0.65,0.767957,-0.93,-1.98,-1.9612,A,V144A,MAFEFKLPDIGEGIHEGEIVKWFVKPGDEVNEDDVLCEVQNDKAVVEIPSPVKGKVLEILVPEGTVATVGQTLITLDAPGYENMTFKGQEQEEAKKEEKTETVSKEEKVDAVAPNAPAAEAEAGPNRRVIAMPSVRKYAREKGVDIRLVQGTGKNGRVLKEDIDAFLAGGAKPAPAAAEEKAAPAAAKPATTEGEFPETREKMSGIRRAIAKAMVHSKHTAPHVTLMDEADVTKLVAHRKKFKAIAAEKGIKLTFLPYVVKALVSALREYPVLNTSIDDETEEIIQKHYYNIGIAADTDRGLLVPVIKHADRKPIFALAQEINELAEKARDGKLTPGEMKGASCTITNIGSAGGQWFTPVINHPEVAILGIGRIAEKPIVRDGEIVAAPMLALSLSFDHRMIDGATAQKALNHIKRLLSDPELLLMEA
1W3D,I146V,P11961,I146V,18476,5.5,51.85,-1.2,-1.019519601,0.901,-1.118420099,-0.73550271,-0.71,-0.85,0.459,-0.587335,-0.24,-1.12,-0.9846,A,I146V,MAFEFKLPDIGEGIHEGEIVKWFVKPGDEVNEDDVLCEVQNDKAVVEIPSPVKGKVLEILVPEGTVATVGQTLITLDAPGYENMTFKGQEQEEAKKEEKTETVSKEEKVDAVAPNAPAAEAEAGPNRRVIAMPSVRKYAREKGVDIRLVQGTGKNGRVLKEDIDAFLAGGAKPAPAAAEEKAAPAAAKPATTEGEFPETREKMSGIRRAIAKAMVHSKHTAPHVTLMDEADVTKLVAHRKKFKAIAAEKGIKLTFLPYVVKALVSALREYPVLNTSIDDETEEIIQKHYYNIGIAADTDRGLLVPVIKHADRKPIFALAQEINELAEKARDGKLTPGEMKGASCTITNIGSAGGQWFTPVINHPEVAILGIGRIAEKPIVRDGEIVAAPMLALSLSFDHRMIDGATAQKALNHIKRLLSDPELLLMEA
1W3D,A131G,P11961,A131G,18467,5.5,51.85,-1.7,-1.99038204,0.76898,-1.133778207,-1.4101418,-1.32,-2.05,-2.745,-1.46729,-0.78,-1.11,-2.0216,A,A131G,MAFEFKLPDIGEGIHEGEIVKWFVKPGDEVNEDDVLCEVQNDKAVVEIPSPVKGKVLEILVPEGTVATVGQTLITLDAPGYENMTFKGQEQEEAKKEEKTETVSKEEKVDAVAPNAPAAEAEAGPNRRVIAMPSVRKYAREKGVDIRLVQGTGKNGRVLKEDIDAFLAGGAKPAPAAAEEKAAPAAAKPATTEGEFPETREKMSGIRRAIAKAMVHSKHTAPHVTLMDEADVTKLVAHRKKFKAIAAEKGIKLTFLPYVVKALVSALREYPVLNTSIDDETEEIIQKHYYNIGIAADTDRGLLVPVIKHADRKPIFALAQEINELAEKARDGKLTPGEMKGASCTITNIGSAGGQWFTPVINHPEVAILGIGRIAEKPIVRDGEIVAAPMLALSLSFDHRMIDGATAQKALNHIKRLLSDPELLLMEA
1W3D,A139G,P11961,A139G,18470,5.5,51.85,-2.3,-2.46761368,2.89653,-1.729621736,-1.0729349,-1.38,-2.48,-0.148,-0.275158,-0.92,-2.01,-2.4751,A,A139G,MAFEFKLPDIGEGIHEGEIVKWFVKPGDEVNEDDVLCEVQNDKAVVEIPSPVKGKVLEILVPEGTVATVGQTLITLDAPGYENMTFKGQEQEEAKKEEKTETVSKEEKVDAVAPNAPAAEAEAGPNRRVIAMPSVRKYAREKGVDIRLVQGTGKNGRVLKEDIDAFLAGGAKPAPAAAEEKAAPAAAKPATTEGEFPETREKMSGIRRAIAKAMVHSKHTAPHVTLMDEADVTKLVAHRKKFKAIAAEKGIKLTFLPYVVKALVSALREYPVLNTSIDDETEEIIQKHYYNIGIAADTDRGLLVPVIKHADRKPIFALAQEINELAEKARDGKLTPGEMKGASCTITNIGSAGGQWFTPVINHPEVAILGIGRIAEKPIVRDGEIVAAPMLALSLSFDHRMIDGATAQKALNHIKRLLSDPELLLMEA
1W3D,A165G,P11961,A165G,18489,5.5,51.85,-0.9,-0.904508092,1.21981,-0.921986884,-1.2979115,-1.22,-1.29,-1.576,-0.762536,-0.88,-1.64,-0.9524,A,A165G,MAFEFKLPDIGEGIHEGEIVKWFVKPGDEVNEDDVLCEVQNDKAVVEIPSPVKGKVLEILVPEGTVATVGQTLITLDAPGYENMTFKGQEQEEAKKEEKTETVSKEEKVDAVAPNAPAAEAEAGPNRRVIAMPSVRKYAREKGVDIRLVQGTGKNGRVLKEDIDAFLAGGAKPAPAAAEEKAAPAAAKPATTEGEFPETREKMSGIRRAIAKAMVHSKHTAPHVTLMDEADVTKLVAHRKKFKAIAAEKGIKLTFLPYVVKALVSALREYPVLNTSIDDETEEIIQKHYYNIGIAADTDRGLLVPVIKHADRKPIFALAQEINELAEKARDGKLTPGEMKGASCTITNIGSAGGQWFTPVINHPEVAILGIGRIAEKPIVRDGEIVAAPMLALSLSFDHRMIDGATAQKALNHIKRLLSDPELLLMEA
1W3D,I146A,P11961,I146A,18477,5.5,51.85,-2.7,-2.58060011,3.02396,-2.288675378,-2.7253554,-2.3,-2.52,-0.593,-1.83816,-1.5,-1.73,-2.373,A,I146A,MAFEFKLPDIGEGIHEGEIVKWFVKPGDEVNEDDVLCEVQNDKAVVEIPSPVKGKVLEILVPEGTVATVGQTLITLDAPGYENMTFKGQEQEEAKKEEKTETVSKEEKVDAVAPNAPAAEAEAGPNRRVIAMPSVRKYAREKGVDIRLVQGTGKNGRVLKEDIDAFLAGGAKPAPAAAEEKAAPAAAKPATTEGEFPETREKMSGIRRAIAKAMVHSKHTAPHVTLMDEADVTKLVAHRKKFKAIAAEKGIKLTFLPYVVKALVSALREYPVLNTSIDDETEEIIQKHYYNIGIAADTDRGLLVPVIKHADRKPIFALAQEINELAEKARDGKLTPGEMKGASCTITNIGSAGGQWFTPVINHPEVAILGIGRIAEKPIVRDGEIVAAPMLALSLSFDHRMIDGATAQKALNHIKRLLSDPELLLMEA
1W3D,I130A,P11961,I130A,18465,5.5,51.85,-0.7,-2.150411678,1.21377,-2.142511917,-1.4588236,-1.83,-1.67,-0.286,0.889672,-0.62,-0.98,-1.9552,A,I130A,MAFEFKLPDIGEGIHEGEIVKWFVKPGDEVNEDDVLCEVQNDKAVVEIPSPVKGKVLEILVPEGTVATVGQTLITLDAPGYENMTFKGQEQEEAKKEEKTETVSKEEKVDAVAPNAPAAEAEAGPNRRVIAMPSVRKYAREKGVDIRLVQGTGKNGRVLKEDIDAFLAGGAKPAPAAAEEKAAPAAAKPATTEGEFPETREKMSGIRRAIAKAMVHSKHTAPHVTLMDEADVTKLVAHRKKFKAIAAEKGIKLTFLPYVVKALVSALREYPVLNTSIDDETEEIIQKHYYNIGIAADTDRGLLVPVIKHADRKPIFALAQEINELAEKARDGKLTPGEMKGASCTITNIGSAGGQWFTPVINHPEVAILGIGRIAEKPIVRDGEIVAAPMLALSLSFDHRMIDGATAQKALNHIKRLLSDPELLLMEA
1W3D,I130G,P11961,I130G,18466,5.5,51.85,-1.4,-2.864086507,0.66795,-2.950489546,-1.7503197,-2.42,-2.16,-2.449,0.398412,-1.16,-1.56,-3.356,A,I130G,MAFEFKLPDIGEGIHEGEIVKWFVKPGDEVNEDDVLCEVQNDKAVVEIPSPVKGKVLEILVPEGTVATVGQTLITLDAPGYENMTFKGQEQEEAKKEEKTETVSKEEKVDAVAPNAPAAEAEAGPNRRVIAMPSVRKYAREKGVDIRLVQGTGKNGRVLKEDIDAFLAGGAKPAPAAAEEKAAPAAAKPATTEGEFPETREKMSGIRRAIAKAMVHSKHTAPHVTLMDEADVTKLVAHRKKFKAIAAEKGIKLTFLPYVVKALVSALREYPVLNTSIDDETEEIIQKHYYNIGIAADTDRGLLVPVIKHADRKPIFALAQEINELAEKARDGKLTPGEMKGASCTITNIGSAGGQWFTPVINHPEVAILGIGRIAEKPIVRDGEIVAAPMLALSLSFDHRMIDGATAQKALNHIKRLLSDPELLLMEA
1W3D,L167V,P11961,L167V,18490,5.5,51.85,-0.2,-0.765768823,0.354,-0.642383592,-0.89376956,-1.68,-0.59,-1.744,-0.617089,-0.59,-0.24,-0.6291,A,L167V,MAFEFKLPDIGEGIHEGEIVKWFVKPGDEVNEDDVLCEVQNDKAVVEIPSPVKGKVLEILVPEGTVATVGQTLITLDAPGYENMTFKGQEQEEAKKEEKTETVSKEEKVDAVAPNAPAAEAEAGPNRRVIAMPSVRKYAREKGVDIRLVQGTGKNGRVLKEDIDAFLAGGAKPAPAAAEEKAAPAAAKPATTEGEFPETREKMSGIRRAIAKAMVHSKHTAPHVTLMDEADVTKLVAHRKKFKAIAAEKGIKLTFLPYVVKALVSALREYPVLNTSIDDETEEIIQKHYYNIGIAADTDRGLLVPVIKHADRKPIFALAQEINELAEKARDGKLTPGEMKGASCTITNIGSAGGQWFTPVINHPEVAILGIGRIAEKPIVRDGEIVAAPMLALSLSFDHRMIDGATAQKALNHIKRLLSDPELLLMEA
1W3D,D145A,P11961,D145A,18475,5.5,51.85,-2.1,-0.736543229,0.35826,-0.972339977,-0.53192267,-1.08,-0.89,-1.104,-1.14893,0.51,-1.1,-0.568,A,D145A,MAFEFKLPDIGEGIHEGEIVKWFVKPGDEVNEDDVLCEVQNDKAVVEIPSPVKGKVLEILVPEGTVATVGQTLITLDAPGYENMTFKGQEQEEAKKEEKTETVSKEEKVDAVAPNAPAAEAEAGPNRRVIAMPSVRKYAREKGVDIRLVQGTGKNGRVLKEDIDAFLAGGAKPAPAAAEEKAAPAAAKPATTEGEFPETREKMSGIRRAIAKAMVHSKHTAPHVTLMDEADVTKLVAHRKKFKAIAAEKGIKLTFLPYVVKALVSALREYPVLNTSIDDETEEIIQKHYYNIGIAADTDRGLLVPVIKHADRKPIFALAQEINELAEKARDGKLTPGEMKGASCTITNIGSAGGQWFTPVINHPEVAILGIGRIAEKPIVRDGEIVAAPMLALSLSFDHRMIDGATAQKALNHIKRLLSDPELLLMEA
1W3D,V149A,P11961,V149A,18478,5.5,51.85,-2.8,-2.647738665,1.5008,-2.039358378,-1.5666705,-1.82,-1.73,-0.234,0.579058,-0.97,-1.69,-2.434,A,V149A,MAFEFKLPDIGEGIHEGEIVKWFVKPGDEVNEDDVLCEVQNDKAVVEIPSPVKGKVLEILVPEGTVATVGQTLITLDAPGYENMTFKGQEQEEAKKEEKTETVSKEEKVDAVAPNAPAAEAEAGPNRRVIAMPSVRKYAREKGVDIRLVQGTGKNGRVLKEDIDAFLAGGAKPAPAAAEEKAAPAAAKPATTEGEFPETREKMSGIRRAIAKAMVHSKHTAPHVTLMDEADVTKLVAHRKKFKAIAAEKGIKLTFLPYVVKALVSALREYPVLNTSIDDETEEIIQKHYYNIGIAADTDRGLLVPVIKHADRKPIFALAQEINELAEKARDGKLTPGEMKGASCTITNIGSAGGQWFTPVINHPEVAILGIGRIAEKPIVRDGEIVAAPMLALSLSFDHRMIDGATAQKALNHIKRLLSDPELLLMEA
1W3D,A168G,P11961,A168G,18492,5.5,51.85,-0.3,-0.186821759,0.53068,-0.919215659,-1.8552958,-0.99,-0.89,1.161,1.72292,-0.39,-0.73,-0.348,A,A168G,MAFEFKLPDIGEGIHEGEIVKWFVKPGDEVNEDDVLCEVQNDKAVVEIPSPVKGKVLEILVPEGTVATVGQTLITLDAPGYENMTFKGQEQEEAKKEEKTETVSKEEKVDAVAPNAPAAEAEAGPNRRVIAMPSVRKYAREKGVDIRLVQGTGKNGRVLKEDIDAFLAGGAKPAPAAAEEKAAPAAAKPATTEGEFPETREKMSGIRRAIAKAMVHSKHTAPHVTLMDEADVTKLVAHRKKFKAIAAEKGIKLTFLPYVVKALVSALREYPVLNTSIDDETEEIIQKHYYNIGIAADTDRGLLVPVIKHADRKPIFALAQEINELAEKARDGKLTPGEMKGASCTITNIGSAGGQWFTPVINHPEVAILGIGRIAEKPIVRDGEIVAAPMLALSLSFDHRMIDGATAQKALNHIKRLLSDPELLLMEA
1AZP,V30I,P13123,V30I,16992,7,50,0.7,-0.071231505,0.84939,0.22318157,-0.070692745,-0.29,0.1,-0.678,0.69291,0.5,-1.13,-0.0063,A,V30I,MVKVKFKYKGEEKEVDTSKIKKVWRVGKMVSFTYDDNGKTGRGAVSEKDAPKELLDMLARAEREKK
1SSO,I30V,P39476,I30V,16991,7,50,-0.4,-0.616919922,0.97527,-0.567258548,-0.50552245,-0.48,-0.53,-1.861,-0.715777,-0.47,-1.11,-0.5521,A,I30V,MATVKFKYKGEEKEVDISKIKKVWRVGKMISFTYDEGGGKTGRGAVSEKDAPKELLQMLEKQKK
1K9Q,L30Y,P46937,L190Y,11373,7,65,0.17,-0.394546331,0.91165,-1.445194089,-1.9066594,-0.97,-0.31,1.233,-0.238397,0.81,-0.85,-0.1925,A,L190Y,MDPGQQPPPQPAPQGQGQPPSQPPQGQGPPSGPGQPAPAATQAAPQAPPAGHQIVHVRGDSETDLEALFNAVMNPKTANVPQTVPMRLRKLPDSFFKPPEPKSHSRQASTDAGTAGALTPQHVRAHSSPASLQLGAVSPGTLTPTGVVSGPAATPTAQHLRQSSFEIPDDVPLPAGWEMAKTSSGQRYFLNHIDQTTTWQDPRKAMLSQMNVTAPTSPPVQQNMMNSASGPLPDGWEQAMTQDGEIYYINHKNKTTSWLDPRLDPRFAMNQRISQSAPVKQPPPLAPQSPQGGVMGGSNSNQQQQMRLQQLQMEKERLRLKQQELLRQAMRNINPSTANSPKCQELALRSQLPTLEQDGGTQNPVSSPGMSQELRTMTTNSSDPFLNSGTYHSRDESTDSGLSMSSYSVPRTPDDFLNSVDEMDTGDTINQSTLPSQQNRFPDYLEAIPGTNVDLGTLEGDGMNIEGEELMPSLQEALSSDILNDMESVLAATKLDKESFLTWL
1K9Q,A20R,P46937,A180R,11375,7,65,0.89,0.066911475,1.01861,0.3582877,-0.90625883,0.26,0.25,-0.616,-0.588967,0.57,-0.24,-0.0633,A,A180R,MDPGQQPPPQPAPQGQGQPPSQPPQGQGPPSGPGQPAPAATQAAPQAPPAGHQIVHVRGDSETDLEALFNAVMNPKTANVPQTVPMRLRKLPDSFFKPPEPKSHSRQASTDAGTAGALTPQHVRAHSSPASLQLGAVSPGTLTPTGVVSGPAATPTAQHLRQSSFEIPDDVPLPAGWEMAKTSSGQRYFLNHIDQTTTWQDPRKAMLSQMNVTAPTSPPVQQNMMNSASGPLPDGWEQAMTQDGEIYYINHKNKTTSWLDPRLDPRFAMNQRISQSAPVKQPPPLAPQSPQGGVMGGSNSNQQQQMRLQQLQMEKERLRLKQQELLRQAMRNINPSTANSPKCQELALRSQLPTLEQDGGTQNPVSSPGMSQELRTMTTNSSDPFLNSGTYHSRDESTDSGLSMSSYSVPRTPDDFLNSVDEMDTGDTINQSTLPSQQNRFPDYLEAIPGTNVDLGTLEGDGMNIEGEELMPSLQEALSSDILNDMESVLAATKLDKESFLTWL
1K9Q,D34T,P46937,D194T,11374,7,65,0.35,0.194049411,-0.14569,0.737738198,-1.3808692,0.27,1.05,-1.219,-0.810439,0.12,0.15,0.2875,A,D194T,MDPGQQPPPQPAPQGQGQPPSQPPQGQGPPSGPGQPAPAATQAAPQAPPAGHQIVHVRGDSETDLEALFNAVMNPKTANVPQTVPMRLRKLPDSFFKPPEPKSHSRQASTDAGTAGALTPQHVRAHSSPASLQLGAVSPGTLTPTGVVSGPAATPTAQHLRQSSFEIPDDVPLPAGWEMAKTSSGQRYFLNHIDQTTTWQDPRKAMLSQMNVTAPTSPPVQQNMMNSASGPLPDGWEQAMTQDGEIYYINHKNKTTSWLDPRLDPRFAMNQRISQSAPVKQPPPLAPQSPQGGVMGGSNSNQQQQMRLQQLQMEKERLRLKQQELLRQAMRNINPSTANSPKCQELALRSQLPTLEQDGGTQNPVSSPGMSQELRTMTTNSSDPFLNSGTYHSRDESTDSGLSMSSYSVPRTPDDFLNSVDEMDTGDTINQSTLPSQQNRFPDYLEAIPGTNVDLGTLEGDGMNIEGEELMPSLQEALSSDILNDMESVLAATKLDKESFLTWL
1ZG4,E104K,P62593,E102K,12374,7,50.6,0.64,0.196201713,0.2354,-0.242098031,-0.8154086,-0.53,0.26,-0.092,-0.129906,0.74,-0.02,0.1285,A,E102K,MSIQHFRVALIPFFAAFCLPVFAHPETLVKVKDAEDQLGARVGYIELDLNSGKILESFRPEERFPMMSTFKVLLCGAVLSRVDAGQEQLGRRIHYSQNDLVEYSPVTEKHLTDGMTVRELCSAAITMSDNTAANLLLTTIGGPKELTAFLHNMGDHVTRLDRWEPELNEAIPNDERDTTMPAAMATTLRKLLTGELLTLASRQQLIDWMEADKVAGPLLRSALPAGWFIADKSGAGERGSRGIIAALGPDGKPSRIVVIYTTGSQATMDERNRQIAEIGASLIKHW
1ZG4,R164H,P62593,R162H,12377,7,49.9,-0.17,-0.411211762,1.03813,-0.56246048,-1.109926,-1.33,-0.96,0.817,-2.59024,-1.18,-0.61,-0.3847,A,R162H,MSIQHFRVALIPFFAAFCLPVFAHPETLVKVKDAEDQLGARVGYIELDLNSGKILESFRPEERFPMMSTFKVLLCGAVLSRVDAGQEQLGRRIHYSQNDLVEYSPVTEKHLTDGMTVRELCSAAITMSDNTAANLLLTTIGGPKELTAFLHNMGDHVTRLDRWEPELNEAIPNDERDTTMPAAMATTLRKLLTGELLTLASRQQLIDWMEADKVAGPLLRSALPAGWFIADKSGAGERGSRGIIAALGPDGKPSRIVVIYTTGSQATMDERNRQIAEIGASLIKHW
1ZG4,S235A,P62593,S233A,12380,7,50.6,0.58,-0.678152539,-0.79036,-1.266675536,-0.98764243,-0.23,-0.94,-0.204,0.00153304,0.61,-0.83,-0.7679,A,S233A,MSIQHFRVALIPFFAAFCLPVFAHPETLVKVKDAEDQLGARVGYIELDLNSGKILESFRPEERFPMMSTFKVLLCGAVLSRVDAGQEQLGRRIHYSQNDLVEYSPVTEKHLTDGMTVRELCSAAITMSDNTAANLLLTTIGGPKELTAFLHNMGDHVTRLDRWEPELNEAIPNDERDTTMPAAMATTLRKLLTGELLTLASRQQLIDWMEADKVAGPLLRSALPAGWFIADKSGAGERGSRGIIAALGPDGKPSRIVVIYTTGSQATMDERNRQIAEIGASLIKHW
1ZG4,G238S,P62593,G236S,12375,7,50.6,-1.25,-0.824665545,-0.37909,-1.310572851,-0.88410214,-1.37,-0.12,-5.384,-3.71814,0.3,-0.49,-0.7962,A,G236S,MSIQHFRVALIPFFAAFCLPVFAHPETLVKVKDAEDQLGARVGYIELDLNSGKILESFRPEERFPMMSTFKVLLCGAVLSRVDAGQEQLGRRIHYSQNDLVEYSPVTEKHLTDGMTVRELCSAAITMSDNTAANLLLTTIGGPKELTAFLHNMGDHVTRLDRWEPELNEAIPNDERDTTMPAAMATTLRKLLTGELLTLASRQQLIDWMEADKVAGPLLRSALPAGWFIADKSGAGERGSRGIIAALGPDGKPSRIVVIYTTGSQATMDERNRQIAEIGASLIKHW
1ZG4,R164S,P62593,R162S,12378,7,50.6,-0.61,-1.030921144,2.088,-1.345841022,-1.0344447,-1.18,-0.82,-1.329,-3.13556,-1.84,-1.81,-0.9836,A,R162S,MSIQHFRVALIPFFAAFCLPVFAHPETLVKVKDAEDQLGARVGYIELDLNSGKILESFRPEERFPMMSTFKVLLCGAVLSRVDAGQEQLGRRIHYSQNDLVEYSPVTEKHLTDGMTVRELCSAAITMSDNTAANLLLTTIGGPKELTAFLHNMGDHVTRLDRWEPELNEAIPNDERDTTMPAAMATTLRKLLTGELLTLASRQQLIDWMEADKVAGPLLRSALPAGWFIADKSGAGERGSRGIIAALGPDGKPSRIVVIYTTGSQATMDERNRQIAEIGASLIKHW
1HME,I38H,P63159,I122H,17679,7,20,0,-1.035533785,0.21913,-1.890398035,-1.9275237,-2.03,-1.4,-1.502,-0.280326,-0.34,0.03,-0.8458,A,I122H,MGKGDPKKPRGKMSSYAFFVQTCREEHKKKHPDASVNFSEFSKKCSERWKTMSAKEKGKFEDMAKADKARYEREMKTYIPPKGETKKKFKDPNAPKRPPSAFFLFCSEYRPKIKGEHPGLSIGDVAKKLGEMWNNTAADDKQPYEKKAAKLKEKYEKDIAAYRAKGKPDAAKKGVVKAEKSKKKKEEEDDEEDEEDEEEEEEEEDEDEEEDDDDE
1HME,S37H,P63159,S121H,17678,7,20,-1.5,-0.648253459,0.94342,-0.818032661,-0.83544342,-0.66,-0.98,-0.61,-0.149291,0.11,-0.79,-0.6356,A,S121H,MGKGDPKKPRGKMSSYAFFVQTCREEHKKKHPDASVNFSEFSKKCSERWKTMSAKEKGKFEDMAKADKARYEREMKTYIPPKGETKKKFKDPNAPKRPPSAFFLFCSEYRPKIKGEHPGLSIGDVAKKLGEMWNNTAADDKQPYEKKAAKLKEKYEKDIAAYRAKGKPDAAKKGVVKAEKSKKKKEEEDDEEDEEDEEEEEEEEDEDEEEDDDDE
1HME,G39H,P63159,G123H,17680,7,20,0.47,0.487838086,0.24963,-0.339088997,-1.9381326,-1.92,-2.21,0.543,0.131945,0.29,-0.2,0.3517,A,G123H,MGKGDPKKPRGKMSSYAFFVQTCREEHKKKHPDASVNFSEFSKKCSERWKTMSAKEKGKFEDMAKADKARYEREMKTYIPPKGETKKKFKDPNAPKRPPSAFFLFCSEYRPKIKGEHPGLSIGDVAKKLGEMWNNTAADDKQPYEKKAAKLKEKYEKDIAAYRAKGKPDAAKKGVVKAEKSKKKKEEEDDEEDEEDEEEEEEEEDEDEEEDDDDE
1B26,R190A,P96110,R191A,17752,7,69.5,-0.34,-1.100291517,-0.03511,-1.396733864,-0.44305981,-0.21,-0.61,-2.748,-3.86629,-1.17,-1.57,-1.9746,A,R191A,MPEKSLYEMAVEQFNRAASLMDLESDLAEVLRRPKRVLIVEFPVRMDDGHVEVFTGYRVQHNVARGPAKGGIRYHPDVTLDEVKALAFWMTWKTAVMNLPFGGGKGGVRVDPKKLSRNELERLSRRFFSEIQVIIGPYNDIPAPDVNTNADVMAWYMDTYSMNVGHTVLGIVTGKPVELGGSKGREEATGRGVKVCAGLAMDVLGIDPKKATVAVQGFGNVGQFAALLISQELGSKVVAVSDSRGGIYNPEGFDVEELIRYKKEHGTVVTYPKGERITNEELLELDVDILVPAALEGAIHAGNAERIKAKAVVEGANGPTTPEADEILSRRGILVVPDILANAGGVTVSYFEWVQDLQSFFWDLDQVRNALEKMMKGAFNDVMKVKEKYNVDMRTAAYILAIDRVAYATKKRGIYP
1B26,K193A,P96110,K194A,17754,7,69.5,0.23,-1.668366809,-0.49402,-0.354483816,0.16512632,-0.05,-0.8,3.043,-1.46234,0.28,-0.83,-1.1023,A,K194A,MPEKSLYEMAVEQFNRAASLMDLESDLAEVLRRPKRVLIVEFPVRMDDGHVEVFTGYRVQHNVARGPAKGGIRYHPDVTLDEVKALAFWMTWKTAVMNLPFGGGKGGVRVDPKKLSRNELERLSRRFFSEIQVIIGPYNDIPAPDVNTNADVMAWYMDTYSMNVGHTVLGIVTGKPVELGGSKGREEATGRGVKVCAGLAMDVLGIDPKKATVAVQGFGNVGQFAALLISQELGSKVVAVSDSRGGIYNPEGFDVEELIRYKKEHGTVVTYPKGERITNEELLELDVDILVPAALEGAIHAGNAERIKAKAVVEGANGPTTPEADEILSRRGILVVPDILANAGGVTVSYFEWVQDLQSFFWDLDQVRNALEKMMKGAFNDVMKVKEKYNVDMRTAAYILAIDRVAYATKKRGIYP
1B26,E231A,P96110,E232A,17753,7,69.5,-0.17,-0.388829381,1.27953,-0.232095167,-1.1350106,-0.28,0.17,1.429,-1.51765,-0.31,-0.26,-0.3142,A,E232A,MPEKSLYEMAVEQFNRAASLMDLESDLAEVLRRPKRVLIVEFPVRMDDGHVEVFTGYRVQHNVARGPAKGGIRYHPDVTLDEVKALAFWMTWKTAVMNLPFGGGKGGVRVDPKKLSRNELERLSRRFFSEIQVIIGPYNDIPAPDVNTNADVMAWYMDTYSMNVGHTVLGIVTGKPVELGGSKGREEATGRGVKVCAGLAMDVLGIDPKKATVAVQGFGNVGQFAALLISQELGSKVVAVSDSRGGIYNPEGFDVEELIRYKKEHGTVVTYPKGERITNEELLELDVDILVPAALEGAIHAGNAERIKAKAVVEGANGPTTPEADEILSRRGILVVPDILANAGGVTVSYFEWVQDLQSFFWDLDQVRNALEKMMKGAFNDVMKVKEKYNVDMRTAAYILAIDRVAYATKKRGIYP
1PIN,R17G,Q13526,R17G,25177,7,40,-0.22,-0.354594168,-0.18474,-0.728022113,-1.4521253,-1.95,-0.37,-0.182,-0.150102,-0.44,-0.18,-0.3748,A,R17G,MADEEKLPPGWEKRMSRSSGRVYYFNHITNASQWERPSGNSSSGGKNGQGEPARVRCSHLLVKHSQSRRPSSWRQEKITRTKEEALELINGYIQKIKSGEEDFESLASQFSDCSSAKARGDLGAFSRGQMQKPFEDASFALRTGEMSGPVFTDSGIHIILRTE
1PIN,R17A,Q13526,R17A,25176,7,40,0,-0.040265074,-0.58871,-0.640637981,-1.1453255,-1.19,-0.19,0.673,0.0750287,-0.27,0.44,-0.0818,A,R17A,MADEEKLPPGWEKRMSRSSGRVYYFNHITNASQWERPSGNSSSGGKNGQGEPARVRCSHLLVKHSQSRRPSSWRQEKITRTKEEALELINGYIQKIKSGEEDFESLASQFSDCSSAKARGDLGAFSRGQMQKPFEDASFALRTGEMSGPVFTDSGIHIILRTE
1PIN,S19A,Q13526,S19A,25180,7,40,-0.14,-0.522752188,1.04772,-0.899806106,-1.2713953,-1.02,-0.69,0.721,-0.346844,-0.07,-0.99,-0.4232,A,S19A,MADEEKLPPGWEKRMSRSSGRVYYFNHITNASQWERPSGNSSSGGKNGQGEPARVRCSHLLVKHSQSRRPSSWRQEKITRTKEEALELINGYIQKIKSGEEDFESLASQFSDCSSAKARGDLGAFSRGQMQKPFEDASFALRTGEMSGPVFTDSGIHIILRTE
1PIN,S19G,Q13526,S19G,25181,7,40,0.01,-0.259525293,1.1282,-0.904341409,-1.7042172,-1.62,-0.99,-0.331,-0.596936,-0.24,-1.41,-0.1599,A,S19G,MADEEKLPPGWEKRMSRSSGRVYYFNHITNASQWERPSGNSSSGGKNGQGEPARVRCSHLLVKHSQSRRPSSWRQEKITRTKEEALELINGYIQKIKSGEEDFESLASQFSDCSSAKARGDLGAFSRGQMQKPFEDASFALRTGEMSGPVFTDSGIHIILRTE
1PIN,Y23L,Q13526,Y23L,25187,7,40,-1.18,-1.249131976,1.58433,-1.488869061,-0.36486902,-0.48,-0.35,-3.915,0.109774,-1.17,-1.16,-1.0363,A,Y23L,MADEEKLPPGWEKRMSRSSGRVYYFNHITNASQWERPSGNSSSGGKNGQGEPARVRCSHLLVKHSQSRRPSSWRQEKITRTKEEALELINGYIQKIKSGEEDFESLASQFSDCSSAKARGDLGAFSRGQMQKPFEDASFALRTGEMSGPVFTDSGIHIILRTE
1PIN,P9G,Q13526,P9G,25167,7,40,-0.49,-0.27414567,0.78015,-0.885777687,-0.99712015,-1.81,-1.41,-2.093,-2.26162,-1.02,-0.97,-0.1143,A,P9G,MADEEKLPPGWEKRMSRSSGRVYYFNHITNASQWERPSGNSSSGGKNGQGEPARVRCSHLLVKHSQSRRPSSWRQEKITRTKEEALELINGYIQKIKSGEEDFESLASQFSDCSSAKARGDLGAFSRGQMQKPFEDASFALRTGEMSGPVFTDSGIHIILRTE
1PIN,P9A,Q13526,P9A,25166,7,40,-0.19,-0.339655212,0.54542,-0.370448595,-0.59197791,-0.74,-0.41,-0.485,-1.5908,-0.55,0.01,-0.2037,A,P9A,MADEEKLPPGWEKRMSRSSGRVYYFNHITNASQWERPSGNSSSGGKNGQGEPARVRCSHLLVKHSQSRRPSSWRQEKITRTKEEALELINGYIQKIKSGEEDFESLASQFSDCSSAKARGDLGAFSRGQMQKPFEDASFALRTGEMSGPVFTDSGIHIILRTE
1PIN,L7V,Q13526,L7V,25162,7,40,-1.26,-0.981806789,0.84616,-1.256458657,-1.1581065,-1.66,-0.73,-5.223,-2.90269,-0.59,-1.3,-1.1074,A,L7V,MADEEKLPPGWEKRMSRSSGRVYYFNHITNASQWERPSGNSSSGGKNGQGEPARVRCSHLLVKHSQSRRPSSWRQEKITRTKEEALELINGYIQKIKSGEEDFESLASQFSDCSSAKARGDLGAFSRGQMQKPFEDASFALRTGEMSGPVFTDSGIHIILRTE
1PIN,W11F,Q13526,W11F,25169,7,40,-1.93,-1.804567299,1.08449,-1.558182594,-0.075394491,-1.34,-1,-2.896,1.39476,-1.66,-1.05,-1.5921,A,W11F,MADEEKLPPGWEKRMSRSSGRVYYFNHITNASQWERPSGNSSSGGKNGQGEPARVRCSHLLVKHSQSRRPSSWRQEKITRTKEEALELINGYIQKIKSGEEDFESLASQFSDCSSAKARGDLGAFSRGQMQKPFEDASFALRTGEMSGPVFTDSGIHIILRTE
1PIN,V22A,Q13526,V22A,25185,7,40,-0.26,-1.520358231,1.2412,-1.961241265,-1.8896141,-2.14,-1.04,-0.668,-1.14398,-0.36,-1.21,-0.9939,A,V22A,MADEEKLPPGWEKRMSRSSGRVYYFNHITNASQWERPSGNSSSGGKNGQGEPARVRCSHLLVKHSQSRRPSSWRQEKITRTKEEALELINGYIQKIKSGEEDFESLASQFSDCSSAKARGDLGAFSRGQMQKPFEDASFALRTGEMSGPVFTDSGIHIILRTE
1PIN,M15A,Q13526,M15A,25173,7,40,-0.59,-2.009826098,0.97011,-1.704763743,-1.6279217,-1.38,-0.73,-1.356,-1.15584,-0.15,-0.76,-1.7556,A,M15A,MADEEKLPPGWEKRMSRSSGRVYYFNHITNASQWERPSGNSSSGGKNGQGEPARVRCSHLLVKHSQSRRPSSWRQEKITRTKEEALELINGYIQKIKSGEEDFESLASQFSDCSSAKARGDLGAFSRGQMQKPFEDASFALRTGEMSGPVFTDSGIHIILRTE
1PIN,N30A,Q13526,N30A,25203,7,40,-0.47,-0.228210066,0.10139,-0.999074251,-0.85815878,-1.12,-0.04,-2.298,-2.22739,0.13,-1.51,-0.2599,A,N30A,MADEEKLPPGWEKRMSRSSGRVYYFNHITNASQWERPSGNSSSGGKNGQGEPARVRCSHLLVKHSQSRRPSSWRQEKITRTKEEALELINGYIQKIKSGEEDFESLASQFSDCSSAKARGDLGAFSRGQMQKPFEDASFALRTGEMSGPVFTDSGIHIILRTE
1PIN,N30G,Q13526,N30G,25204,7,40,0.53,-0.136522965,1.07732,-0.701132208,-1.2530544,-1.45,-0.74,-1.411,-0.534763,-0.49,-0.2,-0.1571,A,N30G,MADEEKLPPGWEKRMSRSSGRVYYFNHITNASQWERPSGNSSSGGKNGQGEPARVRCSHLLVKHSQSRRPSSWRQEKITRTKEEALELINGYIQKIKSGEEDFESLASQFSDCSSAKARGDLGAFSRGQMQKPFEDASFALRTGEMSGPVFTDSGIHIILRTE
1PIN,S38G,Q13526,S38G,25214,7,40,-0.08,-0.391125304,0.73208,-0.439848845,-1.3608393,-1.02,-0.83,-0.533,-0.547444,-0.3,-1.39,-0.3075,A,S38G,MADEEKLPPGWEKRMSRSSGRVYYFNHITNASQWERPSGNSSSGGKNGQGEPARVRCSHLLVKHSQSRRPSSWRQEKITRTKEEALELINGYIQKIKSGEEDFESLASQFSDCSSAKARGDLGAFSRGQMQKPFEDASFALRTGEMSGPVFTDSGIHIILRTE
1PIN,F25Y,Q13526,F25Y,25193,7,40,0.22,-0.830023074,0.42265,-0.78537025,-1.3147794,-0.85,-0.3,0.46,0.511036,0.63,-0.38,-0.4,A,F25Y,MADEEKLPPGWEKRMSRSSGRVYYFNHITNASQWERPSGNSSSGGKNGQGEPARVRCSHLLVKHSQSRRPSSWRQEKITRTKEEALELINGYIQKIKSGEEDFESLASQFSDCSSAKARGDLGAFSRGQMQKPFEDASFALRTGEMSGPVFTDSGIHIILRTE
1PIN,S38A,Q13526,S38A,25213,7,40,0.05,-0.529525104,1.11896,-0.055832743,-0.57863426,-0.63,-0.67,0.57,0.109907,-0.07,-0.89,-0.4854,A,S38A,MADEEKLPPGWEKRMSRSSGRVYYFNHITNASQWERPSGNSSSGGKNGQGEPARVRCSHLLVKHSQSRRPSSWRQEKITRTKEEALELINGYIQKIKSGEEDFESLASQFSDCSSAKARGDLGAFSRGQMQKPFEDASFALRTGEMSGPVFTDSGIHIILRTE
1PIN,Y23F,Q13526,Y23F,25188,7,40,-0.52,-1.140123458,0.92819,-0.906760977,-0.53473172,-0.89,-0.21,0.696,0.532813,-0.44,-0.7,-0.8118,A,Y23F,MADEEKLPPGWEKRMSRSSGRVYYFNHITNASQWERPSGNSSSGGKNGQGEPARVRCSHLLVKHSQSRRPSSWRQEKITRTKEEALELINGYIQKIKSGEEDFESLASQFSDCSSAKARGDLGAFSRGQMQKPFEDASFALRTGEMSGPVFTDSGIHIILRTE
1PIN,E35A,Q13526,E35A,25211,7,40,-0.73,-0.760152934,0.61115,-0.834281418,-1.2656616,-0.79,-0.31,0.343,0.132034,-0.15,0.07,-0.8132,A,E35A,MADEEKLPPGWEKRMSRSSGRVYYFNHITNASQWERPSGNSSSGGKNGQGEPARVRCSHLLVKHSQSRRPSSWRQEKITRTKEEALELINGYIQKIKSGEEDFESLASQFSDCSSAKARGDLGAFSRGQMQKPFEDASFALRTGEMSGPVFTDSGIHIILRTE
1PIN,F25A,Q13526,F25A,25191,7,40,-2.14,-3.080980948,2.09336,-3.447115747,-2.2032368,-2.79,-2.09,-5.126,-2.53849,-1.59,-2.05,-2.5957,A,F25A,MADEEKLPPGWEKRMSRSSGRVYYFNHITNASQWERPSGNSSSGGKNGQGEPARVRCSHLLVKHSQSRRPSSWRQEKITRTKEEALELINGYIQKIKSGEEDFESLASQFSDCSSAKARGDLGAFSRGQMQKPFEDASFALRTGEMSGPVFTDSGIHIILRTE
1PIN,S18G,Q13526,S18G,25179,7,40,0.02,-0.445819026,0.23666,-0.83410811,-1.3953847,-1.54,-0.42,1.634,1.11894,-0.12,0.9,-0.3958,A,S18G,MADEEKLPPGWEKRMSRSSGRVYYFNHITNASQWERPSGNSSSGGKNGQGEPARVRCSHLLVKHSQSRRPSSWRQEKITRTKEEALELINGYIQKIKSGEEDFESLASQFSDCSSAKARGDLGAFSRGQMQKPFEDASFALRTGEMSGPVFTDSGIHIILRTE
1PIN,F25L,Q13526,F25L,25192,7,40,-1.37,-0.98087712,1.12219,-0.86843603,-0.89454364,-1.07,-0.98,-2.852,-0.673293,-0.81,-1.22,-0.6192,A,F25L,MADEEKLPPGWEKRMSRSSGRVYYFNHITNASQWERPSGNSSSGGKNGQGEPARVRCSHLLVKHSQSRRPSSWRQEKITRTKEEALELINGYIQKIKSGEEDFESLASQFSDCSSAKARGDLGAFSRGQMQKPFEDASFALRTGEMSGPVFTDSGIHIILRTE
1PIN,R21G,Q13526,R21G,25184,7,40,-0.67,-1.293227279,0.13551,-1.956766456,-1.5961676,-2.22,-0.73,-1.23,-0.783006,-0.47,-0.13,-0.8979,A,R21G,MADEEKLPPGWEKRMSRSSGRVYYFNHITNASQWERPSGNSSSGGKNGQGEPARVRCSHLLVKHSQSRRPSSWRQEKITRTKEEALELINGYIQKIKSGEEDFESLASQFSDCSSAKARGDLGAFSRGQMQKPFEDASFALRTGEMSGPVFTDSGIHIILRTE
1PIN,R14A,Q13526,R14A,25172,7,40,-1.63,-1.461158277,0.896,-1.269211315,-0.70215176,-1.04,-0.55,-1.053,-1.34097,-0.83,-0.93,-1.2498,A,R14A,MADEEKLPPGWEKRMSRSSGRVYYFNHITNASQWERPSGNSSSGGKNGQGEPARVRCSHLLVKHSQSRRPSSWRQEKITRTKEEALELINGYIQKIKSGEEDFESLASQFSDCSSAKARGDLGAFSRGQMQKPFEDASFALRTGEMSGPVFTDSGIHIILRTE
1PIN,P8A,Q13526,P8A,25164,7,40,-0.97,-1.789021146,1.34134,-1.746644794,-0.65447633,-0.61,-1.31,-1.483,-2.95339,-0.76,-1.73,-1.6871,A,P8A,MADEEKLPPGWEKRMSRSSGRVYYFNHITNASQWERPSGNSSSGGKNGQGEPARVRCSHLLVKHSQSRRPSSWRQEKITRTKEEALELINGYIQKIKSGEEDFESLASQFSDCSSAKARGDLGAFSRGQMQKPFEDASFALRTGEMSGPVFTDSGIHIILRTE
1PIN,W34A,Q13526,W34A,25209,7,40,-0.4,-3.876892578,0.09785,-3.728150387,-0.4937936,-2.01,-0.82,-1.489,-0.443331,-1.91,-0.59,-3.1459,A,W34A,MADEEKLPPGWEKRMSRSSGRVYYFNHITNASQWERPSGNSSSGGKNGQGEPARVRCSHLLVKHSQSRRPSSWRQEKITRTKEEALELINGYIQKIKSGEEDFESLASQFSDCSSAKARGDLGAFSRGQMQKPFEDASFALRTGEMSGPVFTDSGIHIILRTE
1PIN,Y24W,Q13526,Y24W,25190,7,40,-0.56,-0.585088907,0.6042,-0.47613447,-1.5130877,-0.51,-0.63,-0.544,-0.473071,-0.05,-0.71,-0.4522,A,Y24W,MADEEKLPPGWEKRMSRSSGRVYYFNHITNASQWERPSGNSSSGGKNGQGEPARVRCSHLLVKHSQSRRPSSWRQEKITRTKEEALELINGYIQKIKSGEEDFESLASQFSDCSSAKARGDLGAFSRGQMQKPFEDASFALRTGEMSGPVFTDSGIHIILRTE
1PIN,E12A,Q13526,E12A,25170,7,40,-0.48,-0.747361503,0.64386,-0.508704053,-0.45821435,-0.31,-0.52,-0.393,-0.601213,-0.6,-0.58,-0.5642,A,E12A,MADEEKLPPGWEKRMSRSSGRVYYFNHITNASQWERPSGNSSSGGKNGQGEPARVRCSHLLVKHSQSRRPSSWRQEKITRTKEEALELINGYIQKIKSGEEDFESLASQFSDCSSAKARGDLGAFSRGQMQKPFEDASFALRTGEMSGPVFTDSGIHIILRTE
1PIN,S32G,Q13526,S32G,25207,7,40,-0.81,-1.538308605,0.39828,-1.684194931,-1.6492787,-1.13,-0.51,-1.421,-0.44544,-0.46,-1.48,-1.364,A,S32G,MADEEKLPPGWEKRMSRSSGRVYYFNHITNASQWERPSGNSSSGGKNGQGEPARVRCSHLLVKHSQSRRPSSWRQEKITRTKEEALELINGYIQKIKSGEEDFESLASQFSDCSSAKARGDLGAFSRGQMQKPFEDASFALRTGEMSGPVFTDSGIHIILRTE
1PIN,S32A,Q13526,S32A,25206,7,40,-0.26,-1.021757403,0.0341,-1.018219544,-1.1735756,-0.56,0.04,0.608,0.499602,0.2,-0.95,-0.7235,A,S32A,MADEEKLPPGWEKRMSRSSGRVYYFNHITNASQWERPSGNSSSGGKNGQGEPARVRCSHLLVKHSQSRRPSSWRQEKITRTKEEALELINGYIQKIKSGEEDFESLASQFSDCSSAKARGDLGAFSRGQMQKPFEDASFALRTGEMSGPVFTDSGIHIILRTE
1PIN,S18A,Q13526,S18A,25178,7,40,0.03,-0.597643806,0.12061,-0.768439288,-0.76710094,-0.86,-0.29,-0.825,-0.137089,-0.11,0.1,-0.5482,A,S18A,MADEEKLPPGWEKRMSRSSGRVYYFNHITNASQWERPSGNSSSGGKNGQGEPARVRCSHLLVKHSQSRRPSSWRQEKITRTKEEALELINGYIQKIKSGEEDFESLASQFSDCSSAKARGDLGAFSRGQMQKPFEDASFALRTGEMSGPVFTDSGIHIILRTE
1PIN,Y24F,Q13526,Y24F,25189,7,40,-0.66,-0.507560704,1.00893,-0.190932122,-0.88077926,-0.74,-0.42,-0.659,-0.197253,-1.07,-0.9,-0.3609,A,Y24F,MADEEKLPPGWEKRMSRSSGRVYYFNHITNASQWERPSGNSSSGGKNGQGEPARVRCSHLLVKHSQSRRPSSWRQEKITRTKEEALELINGYIQKIKSGEEDFESLASQFSDCSSAKARGDLGAFSRGQMQKPFEDASFALRTGEMSGPVFTDSGIHIILRTE
1PIN,H27G,Q13526,H27G,25196,7,40,-0.68,-1.429428762,0.20823,-1.856380764,-1.6722546,-0.83,-0.51,-2.117,-0.544698,-0.93,-1.2,-1.2609,A,H27G,MADEEKLPPGWEKRMSRSSGRVYYFNHITNASQWERPSGNSSSGGKNGQGEPARVRCSHLLVKHSQSRRPSSWRQEKITRTKEEALELINGYIQKIKSGEEDFESLASQFSDCSSAKARGDLGAFSRGQMQKPFEDASFALRTGEMSGPVFTDSGIHIILRTE
1PIN,H27A,Q13526,H27A,25195,7,40,-0.12,-1.193213658,-0.15115,-1.015633836,-1.3215833,-0.6,-0.38,-0.803,0.197827,-0.46,-0.91,-1.0356,A,H27A,MADEEKLPPGWEKRMSRSSGRVYYFNHITNASQWERPSGNSSSGGKNGQGEPARVRCSHLLVKHSQSRRPSSWRQEKITRTKEEALELINGYIQKIKSGEEDFESLASQFSDCSSAKARGDLGAFSRGQMQKPFEDASFALRTGEMSGPVFTDSGIHIILRTE
1PIN,T29A,Q13526,T29A,25199,7,40,-1.25,-1.332072861,1.53672,-1.385856836,-1.2110907,-1.39,-1.14,-1.443,-0.792872,-0.31,-2.4,-1.035,A,T29A,MADEEKLPPGWEKRMSRSSGRVYYFNHITNASQWERPSGNSSSGGKNGQGEPARVRCSHLLVKHSQSRRPSSWRQEKITRTKEEALELINGYIQKIKSGEEDFESLASQFSDCSSAKARGDLGAFSRGQMQKPFEDASFALRTGEMSGPVFTDSGIHIILRTE
1PIN,R21A,Q13526,R21A,25183,7,40,-0.65,-0.768242869,0.04531,-0.716901462,-1.2337651,-1.51,-0.55,0.159,-0.202959,-0.3,0.34,-0.5451,A,R21A,MADEEKLPPGWEKRMSRSSGRVYYFNHITNASQWERPSGNSSSGGKNGQGEPARVRCSHLLVKHSQSRRPSSWRQEKITRTKEEALELINGYIQKIKSGEEDFESLASQFSDCSSAKARGDLGAFSRGQMQKPFEDASFALRTGEMSGPVFTDSGIHIILRTE
1PIN,T29G,Q13526,T29G,25200,7,40,-1.99,-1.292977183,2.51829,-1.818984851,-1.8977648,-1.88,-1.75,-4.174,-2.12933,-1.23,-3.08,-1.0774,A,T29G,MADEEKLPPGWEKRMSRSSGRVYYFNHITNASQWERPSGNSSSGGKNGQGEPARVRCSHLLVKHSQSRRPSSWRQEKITRTKEEALELINGYIQKIKSGEEDFESLASQFSDCSSAKARGDLGAFSRGQMQKPFEDASFALRTGEMSGPVFTDSGIHIILRTE
1PIN,G20A,Q13526,G20A,25182,7,40,-0.86,-0.791972641,0.78408,-1.118912126,-1.9303959,-1.12,-0.94,0.172,-0.217616,0.08,0.42,-0.7901,A,G20A,MADEEKLPPGWEKRMSRSSGRVYYFNHITNASQWERPSGNSSSGGKNGQGEPARVRCSHLLVKHSQSRRPSSWRQEKITRTKEEALELINGYIQKIKSGEEDFESLASQFSDCSSAKARGDLGAFSRGQMQKPFEDASFALRTGEMSGPVFTDSGIHIILRTE
1PIN,S16A,Q13526,S16A,25174,7,40,-0.44,-1.070133511,1.25539,-0.804623317,-1.0725365,-0.76,-0.92,0.697,0.33384,-0.04,-0.24,-0.4268,A,S16A,MADEEKLPPGWEKRMSRSSGRVYYFNHITNASQWERPSGNSSSGGKNGQGEPARVRCSHLLVKHSQSRRPSSWRQEKITRTKEEALELINGYIQKIKSGEEDFESLASQFSDCSSAKARGDLGAFSRGQMQKPFEDASFALRTGEMSGPVFTDSGIHIILRTE
1PIN,S16G,Q13526,S16G,25175,7,40,-0.92,-1.719548396,0.76425,-1.744078899,-1.7445983,-1.46,-1.35,-0.15,0.280442,-0.36,-0.84,-1.6046,A,S16G,MADEEKLPPGWEKRMSRSSGRVYYFNHITNASQWERPSGNSSSGGKNGQGEPARVRCSHLLVKHSQSRRPSSWRQEKITRTKEEALELINGYIQKIKSGEEDFESLASQFSDCSSAKARGDLGAFSRGQMQKPFEDASFALRTGEMSGPVFTDSGIHIILRTE
1PIN,T29S,Q13526,T29S,25201,7,40,-0.65,-0.898461285,2.27058,-0.863741736,-0.79774842,-0.85,-0.33,-1.361,-1.0812,-0.62,-1.42,-0.6968,A,T29S,MADEEKLPPGWEKRMSRSSGRVYYFNHITNASQWERPSGNSSSGGKNGQGEPARVRCSHLLVKHSQSRRPSSWRQEKITRTKEEALELINGYIQKIKSGEEDFESLASQFSDCSSAKARGDLGAFSRGQMQKPFEDASFALRTGEMSGPVFTDSGIHIILRTE
1PIN,N26D,Q13526,N26D,25194,7,40,-1.88,-1.381305445,0.83522,-1.032788426,-1.3580851,-0.27,-0.66,-0.891,-1.57213,-0.43,-1.3,-1.0293,A,N26D,MADEEKLPPGWEKRMSRSSGRVYYFNHITNASQWERPSGNSSSGGKNGQGEPARVRCSHLLVKHSQSRRPSSWRQEKITRTKEEALELINGYIQKIKSGEEDFESLASQFSDCSSAKARGDLGAFSRGQMQKPFEDASFALRTGEMSGPVFTDSGIHIILRTE
1PIN,Y23A,Q13526,Y23A,25186,7,40,-1.08,-2.747645519,2.92243,-3.359299033,-1.0406655,-2.52,-1.63,-5.685,-1.70182,-2.17,-2.23,-2.4437,A,Y23A,MADEEKLPPGWEKRMSRSSGRVYYFNHITNASQWERPSGNSSSGGKNGQGEPARVRCSHLLVKHSQSRRPSSWRQEKITRTKEEALELINGYIQKIKSGEEDFESLASQFSDCSSAKARGDLGAFSRGQMQKPFEDASFALRTGEMSGPVFTDSGIHIILRTE
1PIN,R36A,Q13526,R36A,25212,7,40,-0.29,-0.243901195,0.69053,-0.584565841,-1.0651623,-0.97,-0.44,0.053,-0.037728,-0.41,-0.04,0.1126,A,R36A,MADEEKLPPGWEKRMSRSSGRVYYFNHITNASQWERPSGNSSSGGKNGQGEPARVRCSHLLVKHSQSRRPSSWRQEKITRTKEEALELINGYIQKIKSGEEDFESLASQFSDCSSAKARGDLGAFSRGQMQKPFEDASFALRTGEMSGPVFTDSGIHIILRTE
1PIN,A31G,Q13526,A31G,25205,7,40,-1.49,-1.240093589,1.24222,-1.688538654,-1.0893166,-1.25,-1.53,-2.286,-1.18278,-0.69,-1.22,-1.2087,A,A31G,MADEEKLPPGWEKRMSRSSGRVYYFNHITNASQWERPSGNSSSGGKNGQGEPARVRCSHLLVKHSQSRRPSSWRQEKITRTKEEALELINGYIQKIKSGEEDFESLASQFSDCSSAKARGDLGAFSRGQMQKPFEDASFALRTGEMSGPVFTDSGIHIILRTE
1PIN,P8G,Q13526,P8G,25165,7,40,-0.92,-1.786785585,1.49364,-2.21410933,-1.3087868,-1.68,-1.95,-0.776,-3.74581,-1.15,-2.36,-1.6288,A,P8G,MADEEKLPPGWEKRMSRSSGRVYYFNHITNASQWERPSGNSSSGGKNGQGEPARVRCSHLLVKHSQSRRPSSWRQEKITRTKEEALELINGYIQKIKSGEEDFESLASQFSDCSSAKARGDLGAFSRGQMQKPFEDASFALRTGEMSGPVFTDSGIHIILRTE
1PIN,L7A,Q13526,L7A,25160,7,40,-1.72,-2.511771744,1.31295,-2.292184974,-2.2970696,-2.33,-1.71,-4.899,-2.3145,-0.54,-1.46,-1.9851,A,L7A,MADEEKLPPGWEKRMSRSSGRVYYFNHITNASQWERPSGNSSSGGKNGQGEPARVRCSHLLVKHSQSRRPSSWRQEKITRTKEEALELINGYIQKIKSGEEDFESLASQFSDCSSAKARGDLGAFSRGQMQKPFEDASFALRTGEMSGPVFTDSGIHIILRTE
1PIN,L7I,Q13526,L7I,25161,7,40,-0.85,-0.65132412,1.09896,-1.005594041,-0.86293183,-1.12,-0.69,-3.312,-1.67001,-0.67,-0.93,-0.7085,A,L7I,MADEEKLPPGWEKRMSRSSGRVYYFNHITNASQWERPSGNSSSGGKNGQGEPARVRCSHLLVKHSQSRRPSSWRQEKITRTKEEALELINGYIQKIKSGEEDFESLASQFSDCSSAKARGDLGAFSRGQMQKPFEDASFALRTGEMSGPVFTDSGIHIILRTE
1PIN,K13A,Q13526,K13A,25171,7,40,-0.02,-0.876180074,0.17638,-0.580984971,-0.81174841,-0.54,0.2,-0.877,-1.06658,-0.45,-0.08,-0.7461,A,K13A,MADEEKLPPGWEKRMSRSSGRVYYFNHITNASQWERPSGNSSSGGKNGQGEPARVRCSHLLVKHSQSRRPSSWRQEKITRTKEEALELINGYIQKIKSGEEDFESLASQFSDCSSAKARGDLGAFSRGQMQKPFEDASFALRTGEMSGPVFTDSGIHIILRTE
1PIN,L7N,Q13526,L7N,25163,7,40,-0.9,-2.345839437,1.00052,-2.395224843,-1.6245321,-2.17,-1.2,-4.321,-2.55181,0.09,-1.72,-1.4158,A,L7N,MADEEKLPPGWEKRMSRSSGRVYYFNHITNASQWERPSGNSSSGGKNGQGEPARVRCSHLLVKHSQSRRPSSWRQEKITRTKEEALELINGYIQKIKSGEEDFESLASQFSDCSSAKARGDLGAFSRGQMQKPFEDASFALRTGEMSGPVFTDSGIHIILRTE
1PIN,T29D,Q13526,T29D,25202,7,40,-1.33,-0.854297866,2.71686,-0.905181301,-0.84929896,-0.67,-0.74,-4.322,-6.20073,-0.96,-2.26,-0.6433,A,T29D,MADEEKLPPGWEKRMSRSSGRVYYFNHITNASQWERPSGNSSSGGKNGQGEPARVRCSHLLVKHSQSRRPSSWRQEKITRTKEEALELINGYIQKIKSGEEDFESLASQFSDCSSAKARGDLGAFSRGQMQKPFEDASFALRTGEMSGPVFTDSGIHIILRTE
1PIN,W34F,Q13526,W34F,25210,7,40,-0.1,-2.045068846,-0.3808,-1.267621911,-0.085976013,-1.49,-0.35,-0.782,-0.148951,-0.74,-0.37,-1.6744,A,W34F,MADEEKLPPGWEKRMSRSSGRVYYFNHITNASQWERPSGNSSSGGKNGQGEPARVRCSHLLVKHSQSRRPSSWRQEKITRTKEEALELINGYIQKIKSGEEDFESLASQFSDCSSAKARGDLGAFSRGQMQKPFEDASFALRTGEMSGPVFTDSGIHIILRTE
1PIN,K6A,Q13526,K6A,25159,7,40,0.15,-0.134172942,-0.31697,-0.57411779,-0.34176079,-0.2,0,-0.102,0.152356,0.45,0.07,-0.0286,A,K6A,MADEEKLPPGWEKRMSRSSGRVYYFNHITNASQWERPSGNSSSGGKNGQGEPARVRCSHLLVKHSQSRRPSSWRQEKITRTKEEALELINGYIQKIKSGEEDFESLASQFSDCSSAKARGDLGAFSRGQMQKPFEDASFALRTGEMSGPVFTDSGIHIILRTE
1PIN,G10A,Q13526,G10A,25168,7,40,-0.85,-0.705932675,0.74561,-1.238542841,-0.74472336,-0.38,-1.08,-4.635,-4.95984,-0.02,-1.96,-0.8168,A,G10A,MADEEKLPPGWEKRMSRSSGRVYYFNHITNASQWERPSGNSSSGGKNGQGEPARVRCSHLLVKHSQSRRPSSWRQEKITRTKEEALELINGYIQKIKSGEEDFESLASQFSDCSSAKARGDLGAFSRGQMQKPFEDASFALRTGEMSGPVFTDSGIHIILRTE
1PIN,Q33A,Q13526,Q33A,25208,7,40,-0.57,-1.067631963,0.86354,-0.902187658,-1.0753735,-0.39,-0.84,-1.616,-0.462954,-0.7,-0.8,-0.8139,A,Q33A,MADEEKLPPGWEKRMSRSSGRVYYFNHITNASQWERPSGNSSSGGKNGQGEPARVRCSHLLVKHSQSRRPSSWRQEKITRTKEEALELINGYIQKIKSGEEDFESLASQFSDCSSAKARGDLGAFSRGQMQKPFEDASFALRTGEMSGPVFTDSGIHIILRTE
1PIN,I28A,Q13526,I28A,25197,7,40,-0.36,-1.329308181,1.13562,-0.976576143,-2.1670548,-2.75,-0.8,-1.482,-1.32575,-0.97,-0.37,-1.2217,A,I28A,MADEEKLPPGWEKRMSRSSGRVYYFNHITNASQWERPSGNSSSGGKNGQGEPARVRCSHLLVKHSQSRRPSSWRQEKITRTKEEALELINGYIQKIKSGEEDFESLASQFSDCSSAKARGDLGAFSRGQMQKPFEDASFALRTGEMSGPVFTDSGIHIILRTE
1PIN,I28G,Q13526,I28G,25198,7,40,-0.48,-2.006106685,1.53504,-2.144361821,-2.3121638,-3.3,-1.63,-2.774,-1.85251,-1.49,-1.06,-1.9337,A,I28G,MADEEKLPPGWEKRMSRSSGRVYYFNHITNASQWERPSGNSSSGGKNGQGEPARVRCSHLLVKHSQSRRPSSWRQEKITRTKEEALELINGYIQKIKSGEEDFESLASQFSDCSSAKARGDLGAFSRGQMQKPFEDASFALRTGEMSGPVFTDSGIHIILRTE
1KFW,G254P,Q9REI6,G291P,16599,7.5,16,-0.65,-0.189761236,0.12826,-0.746429593,-1.777412,-1.4,-1.63,-86.283,-10.0576,-0.65,-3.36,-0.1376,A,G291P,MSEKIKRPRRLTKLWAAVAAGTMVAGLAGGVGALGANAAPPNTAADGPLTSTVNGYRNVGYFAQWGVYGRAFQAKQLDVSGTAKNLTHINYSFGNINNQTLTCFMANKAQGTGPNGSDGAGDAWADFGMGYAADKSVSGKADTWEYPLAGSFNQLKQLKAKNPKLKVMISLGGWTWSKNFSKAAATEQSRQKLVSSCIDLYIKGNLPNFEGRGGAGAAAGIFDGIDIDWEWPGTNSGLEGNGVDTFNDRANFKALLAEFRKQLDAYGSTNNKKYVLSAFLPANPADIDAGGWDDPANFKSLDFGSIQGYDLHGAWNPTLTGHQANLYDDPADPREPSKKFSADKAVKKYLAAGIDPKQLGLGLAAYGRGWTGAKNVSPWGPATDGAPGTYEKANEDYDKLKTLGTDHYDAATGSAWRYDGTQWWSYDNIATTKQKTDYIVSKGLGGGMWWELSGDRNGELVGAMSDKFRAAAPGPVTEAAPPSTTNPTPTPTPTPTTAPTPTPTPTPTTTPTVTPTTPPTTPPAGSGCAAPWSATATYLGGSKVSHGGISYKAKWWTLNEKPGASQWGPWEATGACN
1KFW,N198K,Q9REI6,N235K,16598,7.5,16,0.81,0.227283673,0.96574,-0.08481274,-0.47228426,-0.56,-0.07,-0.999,0.444266,0.21,-0.14,0.0735,A,N235K,MSEKIKRPRRLTKLWAAVAAGTMVAGLAGGVGALGANAAPPNTAADGPLTSTVNGYRNVGYFAQWGVYGRAFQAKQLDVSGTAKNLTHINYSFGNINNQTLTCFMANKAQGTGPNGSDGAGDAWADFGMGYAADKSVSGKADTWEYPLAGSFNQLKQLKAKNPKLKVMISLGGWTWSKNFSKAAATEQSRQKLVSSCIDLYIKGNLPNFEGRGGAGAAAGIFDGIDIDWEWPGTNSGLEGNGVDTFNDRANFKALLAEFRKQLDAYGSTNNKKYVLSAFLPANPADIDAGGWDDPANFKSLDFGSIQGYDLHGAWNPTLTGHQANLYDDPADPREPSKKFSADKAVKKYLAAGIDPKQLGLGLAAYGRGWTGAKNVSPWGPATDGAPGTYEKANEDYDKLKTLGTDHYDAATGSAWRYDGTQWWSYDNIATTKQKTDYIVSKGLGGGMWWELSGDRNGELVGAMSDKFRAAAPGPVTEAAPPSTTNPTPTPTPTPTTAPTPTPTPTPTTTPTVTPTTPPTTPPAGSGCAAPWSATATYLGGSKVSHGGISYKAKWWTLNEKPGASQWGPWEATGACN
1KFW,G93P,Q9REI6,G130P,16597,7.5,16,0.5,0.278406002,-0.09905,-0.147489721,-0.44379326,-1.19,-1.3,0.987,1.9206,1.23,0.36,0.3116,A,G130P,MSEKIKRPRRLTKLWAAVAAGTMVAGLAGGVGALGANAAPPNTAADGPLTSTVNGYRNVGYFAQWGVYGRAFQAKQLDVSGTAKNLTHINYSFGNINNQTLTCFMANKAQGTGPNGSDGAGDAWADFGMGYAADKSVSGKADTWEYPLAGSFNQLKQLKAKNPKLKVMISLGGWTWSKNFSKAAATEQSRQKLVSSCIDLYIKGNLPNFEGRGGAGAAAGIFDGIDIDWEWPGTNSGLEGNGVDTFNDRANFKALLAEFRKQLDAYGSTNNKKYVLSAFLPANPADIDAGGWDDPANFKSLDFGSIQGYDLHGAWNPTLTGHQANLYDDPADPREPSKKFSADKAVKKYLAAGIDPKQLGLGLAAYGRGWTGAKNVSPWGPATDGAPGTYEKANEDYDKLKTLGTDHYDAATGSAWRYDGTQWWSYDNIATTKQKTDYIVSKGLGGGMWWELSGDRNGELVGAMSDKFRAAAPGPVTEAAPPSTTNPTPTPTPTPTTAPTPTPTPTPTTTPTVTPTTPPTTPPAGSGCAAPWSATATYLGGSKVSHGGISYKAKWWTLNEKPGASQWGPWEATGACN
1KFW,G406Q,Q9REI6,G443Q,16600,7.5,16,0.62,-0.83165015,-0.31044,-1.205251629,-0.80133218,-1.17,-1.39,-1.763,-2.32089,0.65,-1.44,-0.8244,A,G443Q,MSEKIKRPRRLTKLWAAVAAGTMVAGLAGGVGALGANAAPPNTAADGPLTSTVNGYRNVGYFAQWGVYGRAFQAKQLDVSGTAKNLTHINYSFGNINNQTLTCFMANKAQGTGPNGSDGAGDAWADFGMGYAADKSVSGKADTWEYPLAGSFNQLKQLKAKNPKLKVMISLGGWTWSKNFSKAAATEQSRQKLVSSCIDLYIKGNLPNFEGRGGAGAAAGIFDGIDIDWEWPGTNSGLEGNGVDTFNDRANFKALLAEFRKQLDAYGSTNNKKYVLSAFLPANPADIDAGGWDDPANFKSLDFGSIQGYDLHGAWNPTLTGHQANLYDDPADPREPSKKFSADKAVKKYLAAGIDPKQLGLGLAAYGRGWTGAKNVSPWGPATDGAPGTYEKANEDYDKLKTLGTDHYDAATGSAWRYDGTQWWSYDNIATTKQKTDYIVSKGLGGGMWWELSGDRNGELVGAMSDKFRAAAPGPVTEAAPPSTTNPTPTPTPTPTTAPTPTPTPTPTTTPTVTPTTPPTTPPAGSGCAAPWSATATYLGGSKVSHGGISYKAKWWTLNEKPGASQWGPWEATGACN
1YYX,L76A,UPI00005AB3B6,L76A,18319,5,25,-3.43,-1.705209784,2.07118,-1.714434949,-2.6439554,-2.99,-1.92,-1.084,-0.398375,-1.02,-2.13,-1.8193,A,L76A,ADLEDNWETLNDNLKVIEKADNAAQVKDALTKMRAAALDAQKATPPKLEDKSPDSPEMKDFRHGFDILVGQIDDALKLANEGKVKEAQAAAEQLKTTIRAYNQKYG
1YYX,A90G,UPI00005AB3B6,A90G,18322,5,25,-2.87,-1.697355403,1.86755,-1.700228076,-1.4482899,-1.15,-1.15,-2.101,-1.08641,-1.3,-1.23,-1.6823,A,A90G,ADLEDNWETLNDNLKVIEKADNAAQVKDALTKMRAAALDAQKATPPKLEDKSPDSPEMKDFRHGFDILVGQIDDALKLANEGKVKEAQAAAEQLKTTIRAYNQKYG
1YYX,F65A,UPI00005AB3B6,F65A,18316,5,25,-2.5,-2.907549598,3.04764,-2.866448376,-1.5587704,-2.09,-2.78,-3.757,-1.04125,-3.34,-2.56,-2.9228,A,F65A,ADLEDNWETLNDNLKVIEKADNAAQVKDALTKMRAAALDAQKATPPKLEDKSPDSPEMKDFRHGFDILVGQIDDALKLANEGKVKEAQAAAEQLKTTIRAYNQKYG
1YYX,I98A,UPI00005AB3B6,I98A,18324,5,25,-3.83,-1.64411957,1.08594,-2.218156981,-1.6400039,-2.13,-2.42,0.626,-1.29114,-1.42,-2.11,-1.619,A,I98A,ADLEDNWETLNDNLKVIEKADNAAQVKDALTKMRAAALDAQKATPPKLEDKSPDSPEMKDFRHGFDILVGQIDDALKLANEGKVKEAQAAAEQLKTTIRAYNQKYG
1YYX,A87G,UPI00005AB3B6,A87G,18321,5,25,-3.03,-2.288582319,2.79823,-1.700013939,-1.3876233,-1.14,-1.19,-2.171,-0.534401,-1.45,-2.37,-2.3064,A,A87G,ADLEDNWETLNDNLKVIEKADNAAQVKDALTKMRAAALDAQKATPPKLEDKSPDSPEMKDFRHGFDILVGQIDDALKLANEGKVKEAQAAAEQLKTTIRAYNQKYG
1YYX,A36G,UPI00005AB3B6,A36G,18312,5,25,-2.71,-1.831151657,1.86649,-1.608287964,-1.549892,-1.13,-1.94,-1.957,-1.61858,-1.04,-1.58,-1.8314,A,A36G,ADLEDNWETLNDNLKVIEKADNAAQVKDALTKMRAAALDAQKATPPKLEDKSPDSPEMKDFRHGFDILVGQIDDALKLANEGKVKEAQAAAEQLKTTIRAYNQKYG
1YYX,L48A,UPI00005AB3B6,L48A,18313,5,25,-4.23,-2.251942992,1.52862,-1.882396598,-1.8657073,-2.42,-1.96,-0.241,-1.4875,-0.66,-1.67,-2.4212,A,L48A,ADLEDNWETLNDNLKVIEKADNAAQVKDALTKMRAAALDAQKATPPKLEDKSPDSPEMKDFRHGFDILVGQIDDALKLANEGKVKEAQAAAEQLKTTIRAYNQKYG
1YYX,V84A,UPI00005AB3B6,V84A,18320,5,25,-3.85,-1.706864002,0.78243,-1.53170532,-1.0050739,0.05,-0.4,-1.366,-0.786322,-0.42,-1.14,-1.5679,A,V84A,ADLEDNWETLNDNLKVIEKADNAAQVKDALTKMRAAALDAQKATPPKLEDKSPDSPEMKDFRHGFDILVGQIDDALKLANEGKVKEAQAAAEQLKTTIRAYNQKYG
1YYX,M33A,UPI00005AB3B6,M33A,18311,5,25,-3.5,-2.368036516,2.58217,-2.53205601,-1.6759144,-0.61,-1.8,-1.845,-3.24147,-1.51,-2.76,-2.3455,A,M33A,ADLEDNWETLNDNLKVIEKADNAAQVKDALTKMRAAALDAQKATPPKLEDKSPDSPEMKDFRHGFDILVGQIDDALKLANEGKVKEAQAAAEQLKTTIRAYNQKYG
1YYX,I72A,UPI00005AB3B6,I72A,18318,5,25,-4.67,-2.451668746,2.65714,-1.994503553,-1.3934243,-2.5,-2.48,-2.113,-3.06699,-2.16,-2.14,-2.4213,A,I72A,ADLEDNWETLNDNLKVIEKADNAAQVKDALTKMRAAALDAQKATPPKLEDKSPDSPEMKDFRHGFDILVGQIDDALKLANEGKVKEAQAAAEQLKTTIRAYNQKYG
1YYX,F61A,UPI00005AB3B6,F61A,18315,5,25,-5.45,-2.852935628,1.91106,-2.754201235,-2.5064321,-2.44,-2.54,-1.509,-2.15177,-2.51,-2.46,-2.8892,A,F61A,ADLEDNWETLNDNLKVIEKADNAAQVKDALTKMRAAALDAQKATPPKLEDKSPDSPEMKDFRHGFDILVGQIDDALKLANEGKVKEAQAAAEQLKTTIRAYNQKYG
1YYX,L94A,UPI00005AB3B6,L94A,18323,5,25,-1.73,-2.415925939,3.65097,-2.299493649,-2.3610257,-2.32,-2.39,-0.833,-2.31174,-2.98,-2.67,-2.4792,A,L94A,ADLEDNWETLNDNLKVIEKADNAAQVKDALTKMRAAALDAQKATPPKLEDKSPDSPEMKDFRHGFDILVGQIDDALKLANEGKVKEAQAAAEQLKTTIRAYNQKYG
1YYX,M58A,UPI00005AB3B6,M58A,18314,5,25,-3.61,-1.878308199,1.41254,-1.895363826,-2.0968174,-1.59,-1.05,0.053,-1.02483,-0.33,-1.48,-1.7844,A,M58A,ADLEDNWETLNDNLKVIEKADNAAQVKDALTKMRAAALDAQKATPPKLEDKSPDSPEMKDFRHGFDILVGQIDDALKLANEGKVKEAQAAAEQLKTTIRAYNQKYG
1YYX,L68A,UPI00005AB3B6,L68A,18317,5,25,-4.03,-2.80285983,2.75421,-2.513237324,-2.2356154,-3.07,-3.03,-0.042,-1.99968,-1.97,-2.72,-2.8008,A,L68A,ADLEDNWETLNDNLKVIEKADNAAQVKDALTKMRAAALDAQKATPPKLEDKSPDSPEMKDFRHGFDILVGQIDDALKLANEGKVKEAQAAAEQLKTTIRAYNQKYG
